,category,content,date,date_tmp,id,query,title,tokenized_doc,tokenized_title,cat_selected,topic
296,['경제>부동산'],"[머니투데이 전병윤 기자] [멀티에셋운용이 25층 오피스텔로 건축…조망권 침해 소지로 민원 급증, 6·13선거 재검토 공약]

 미래에셋대우 옛 과천사옥 재개발 현장미래에셋그룹이 미래에셋대우 옛 과천사옥을 25층 규모의 주거용 오피스텔로 재개발하려던 계획이 난기류에 휩싸였다. 초고층 개발에 따른 지역 주민의 반발 속에 6·13 지방선거를 앞두고 과천시장 후보들마저 재검토 공약을 내놓고 있어서다.

10일 관련 업계에 따르면 미래에셋그룹 계열사인 멀티에셋자산운용이 개발을 추진 중인 옛 미래에셋대우 과천사옥 재개발 사업이 난항을 겪고 있다.

미래에셋대우는 지난해 말 과천사옥을 멀티에셋자산운용의 '멀티에셋부동산전문투자형사모투자유한회사제1호' 사모펀드를 대상으로 1390억원에 매각했다. 

멀티에셋자산운용은 과천사옥을 매입한 뒤 25층, 772가구의 주거용 오피스텔 개발을 추진했다. 기존 미래에셋대우 과천사옥은 IT(정보기술) 센터 및 인재개발센터로 활용해 왔다. 

미래에셋과 멀티에셋자산운용은 용적률을 대폭 높여 주거용 오피스텔로 개발하려 했지만 난관에 봉착했다. 해당 건물이 과천시청·소방서·경찰서 인근에 위치해 관악산 진입로와 가까운 데다 주공 1단지 아파트의 조망권 침해 등으로 지역 민원이 급증했기 때문이다.

이런 가운데 지방선거를 앞두고 김종천 과천시장 후보(더불어민주당)도 미래에셋 오피스텔 건립 계획을 재검토하겠다고 공약하면서 재개발 일정이 지연될 가능성이 높아졌다. 

현재 미래에셋대우 과천사옥은 철거 작업만 진행 중이다. 아직 건축 허가가 나지 않은 상태로 착공 일정은 미지수다. 과천시도 미래에셋대우의 과천사옥 재개발 계획의 변경 가능성을 열어놓고 있다. 

과천시청 관계자는 ""경기도 사전승인을 얻어야 건축허가가 나는 사안인데 그에 앞서 민원을 감안해 과천시 건축위원회로부터 자문을 구했다""며 ""자문 결과 용적률을 일부 하향해 건축 높이를 낮춰야 한다는 의견을 받은 상태""라고 말했다. 

이 관계자는 ""자문 결과 등을 토대로 지방선거 이후 경기도에 사전승인을 신청할 것""이라며 ""이 과정에서 건축물 높이 등을 재조정할 가능성은 열려 있다""고 덧붙였다. 

주거용 오피스텔의 용적률 하향시 분양 가구 수 감소로 인해 펀드 수익률 하락이 불가피할 것으로 보인다. 

멀티에셋자산운용은 이에 대해 ""사모펀드 운용에 관한 내용을 언급하는 건 적절치 않다""고 말했다.",2018-06-10,736855,6998,미래에셋대우,"미래에셋대우 과천사옥, 재개발 사업 '난기류'","['머니투데이', '멀티', '셋', '운용', '층', '오피스텔', '건축', '망', '침해', '소지로', '민원', '급증', '선거', '재', '검토', '공약', '미래에셋대우', '과천', '사옥', '재개발', '현장', '그룹', '미래에셋대우', '과천', '사옥', '층', '규모', '주거', '용', '오피스텔', '재개발', '계획', '난', '기류', '초고', '층', '개발', '지역', '주민', '반발', '속', '지방선거', '과천시', '후보', '마저', '재', '검토', '공약', '어서', '업계', '그룹', '계열', '사인', '멀티', '셋', '자산운용', '개발', '추진', '중인', '미래에셋대우', '과천', '사옥', '재개발', '사업', '난항', '미래에셋대우', '과천', '사옥', '멀티', '셋', '자산운용', '멀티', '셋', '부동산', '전문', '투자', '형사', '모', '투자', '유한회사', '제호', '사모펀드', '매각', '멀티', '셋', '자산운용', '과천', '사옥', '매입', '뒤', '층', '가구', '주거', '용', '오피스텔', '개발', '추진', '미래에셋대우', '과천', '사옥', '정보기술', '센터', '인', '재개발', '센터', '활용', '멀티', '셋', '자산운용', '용적률', '대폭', '주거', '용', '오피스텔', '개발', '난관', '봉착', '해당', '건물', '과천시', '청', '소방', '경찰서', '인근', '위치', '관악산', '진입', '까운', '데', '공', '단지', '아파트', '망', '침해', '지역', '민원', '급증', '가운데', '지방선거', '김종천', '과천시', '후보', '불어', '민주당', '도', '오피스텔', '건립', '계획', '재', '검토', '공약', '재개발', '일정', '지연', '가능성', '미래에셋대우', '과천', '사옥', '철거', '작업', '진행', '중이', '아직', '건축', '허가', '착공', '일정', '미지수', '과천시', '미래에셋대우', '과천', '사옥', '재개발', '계획', '변경', '가능성', '과천시', '청', '경기도', '사전', '승인', '건축', '허가', '나', '사안', '앞서', '민원', '감안', '과천시', '건축', '위원회', '자문', '구', '자문', '결과', '용적률', '일부', '하향', '건축', '높이', '의견', '자문', '결과', '토대', '지방선거', '경기도', '사전', '승인', '신청', '과정', '건축물', '높이', '재', '조정', '가능성', '주거', '용', '오피스텔', '용적률', '하향', '시', '분양', '가구', '펀드', '수익률', '하락', '불가피', '멀티', '셋', '자산운용', '사모펀드', '운용', '관', '내용', '언급', '건', '적절']","['미래에셋대우', '과천', '사옥', '재개발', '사업', '난기', '류']",경제,-1
2,"['경제>국제경제', '경제>금융_재테크', '경제>산업_기업']","[디지털타임스 차현정 기자] 미래에셋대우는 18일 홍콩 CBD2(이스트 카우룽)에 위치한 오피스 빌딩 '골딘파이낸셜글로벌센터'의 메자닌 대출에 2억4300만달러(한화 약 2800억원)를 투자한다고 밝혔다.



이 빌딩은 홍콩거래소 상장회사 '골딘파이낸셜홀딩스'와 최대주주인 홍콩 부호 '판수통(Pan Sutong)'이 공동으로 보유하고 있는 오피스 빌딩으로 미국 친환경건축물인증제도 '리드(LEED)' 플래티넘 등급을 부여 받는 등 홍콩 내에서 손꼽히는 친환경 건물이다.



리드는 영국 '브리암(BREEAM)', 싱가포르 'BCA그린마크'와 함께 세계 친환경건축물인증제도 3대 인증으로 인정 받고 있으며 이 중에서도 플래티넘 등급은 리드 인증의 최고 등급으로서 한국과 홍콩의 연면적 1만평 이상 오피스 빌딩 중 플래티넘 등급을 보유한 빌딩은 각각 6건에 불과하다.



특히 이 빌딩이 위치한 홍콩의 이스트 카우룽은 기존 중심업무지구(Central Business District)인 센트럴 지역의 오피스 빌딩 포화 현상으로 홍콩 정부가 약 34조원을 투입해 총 690만평 규모의 새로운 CBD로 개발하고 있는 지역이다. 



기존 CBD 빌딩의 노후화와 임대료의 과도한 상승으로 최근 다수의 글로벌 기업이 센트럴을 떠나 이스트 카우룽의 신축 빌딩에 입주하는 등 향후 오피스 시장의 발전 가능성이 높은 곳으로도 잘 알려져 있다. 이번 메자닌 대출은 짧은 만기 대비 높은 수익성으로 현지에서도 투자 매력도가 매우 높은 것으로 평가 받고 있으며, GIC(싱가포르투자청), 도이치뱅크 등 세계 유수의 투자자와 함께 국내에서는 미래에셋대우가 유일하게 투자자로 참여했다. 



미래에셋대우 관계자는 ""작년 4월 총 규모 약 5조5000억원의 홍콩 '더센터' 인수 참여를 통해 미래에셋이 홍콩 오피스 시장의 주요 글로벌 투자자 중 하나로 인정받게 되었다""며 ""그 결과 이번 투자와 관련된 현지 투자자와의 치열한 경쟁 속에서도 우위를 점할 수 있었고 앞으로도 글로벌 우량 자산 선정과 딜 수행 능력 강화를 위해 더욱 노력하겠다""고 밝혔다. 



차현정기자 hjcha@dt.co.kr",2019-04-19,737168,21,미래에셋대우,홍콩 오피스 빌딩에 2800억 투자한 미래에셋대우,"['디지털타임스', '미래에셋대우', '홍콩', '이스트', '카우룽', '위치', '오피스', '빌딩', '골딘', '파이낸셜', '글로벌', '센터', '메자닌', '대출', '억만', '한화', '투자', '빌딩', '홍콩', '거래소', '상장회사', '골딘', '파이낸셜', '홀딩스', '주주', '홍콩', '부호', '판수', '통', '공동', '보유', '오피스', '빌딩', '미국', '친환경', '건축물', '증', '제도', '리드', '플래티넘', '등급', '부여', '홍콩', '친환경', '건물', '리드', '영국', '브리', '암', '싱가포르', '그린마크', '세계', '친환경', '건축물', '증', '제도', '인증', '인정', '서도', '플래티넘', '등급', '리드', '인증', '등급', '홍콩', '연', '면적', '만평', '오피스', '빌딩', '플래티넘', '등급', '보유', '빌딩', '건', '불과', '빌딩', '위치', '홍콩', '이스트', '카우룽', '중심', '업무지구', '인', '센트럴', '지역', '오피스', '빌딩', '포화', '현상', '홍콩', '정부', '투입', '만평', '규모', '새', '개발', '지역', '빌딩', '노후', '임대료', '과도', '다수', '글로벌', '기업', '센트럴', '이스트', '카우룽', '신축', '빌딩', '입', '주하', '오피스', '시장', '발전', '가능성', '곳', '메자닌', '대출', '만기', '수익성', '투자', '매력', '매우', '평가', '싱가포르투자청', '도이치뱅크', '세계', '유수', '투자자', '국내', '미래에셋대우', '유일하', '투자자', '미래에셋대우', '작년', '규모', '홍콩', '센터', '홍콩', '오피스', '시장', '글로벌', '투자자', '하나로', '인정', '결과', '투자', '투자자', '치열', '경쟁', '속', '서도', '우위', '앞', '글로벌', '우량', '자산', '선정', '딜', '수행', '능력', '노력', '차현정', '기자']","['홍콩', '오피스', '빌딩', '투자', '미래에셋대우']",경제,12
12,"['경제>서비스_쇼핑', '경제>금융_재테크', '경제>산업_기업']","[디지털타임스 김민주 기자] 미래에셋대우는 다이렉트 비대면 국내선물, 옵션 온라인 수수료 지원 이벤트를 7월 말까지 진행한다고 16일 밝혔다.



이번 이벤트는 최근 1년간 미래에셋대우에서 국내선물, 옵션 거래가 없는 개인고객 중 다이렉트 비대면 국내선물, 옵션 계좌를 보유하고 있거나 신규 개설한 고객을 대상으로 진행된다. 이벤트 기간 동안 이벤트 참여 신청 시 국내선물, 옵션 온라인 거래수수료를 100만원까지 지원한다.



온라인 수수료 100만원 지원은 수수료 쿠폰으로 제공되며 해당 수수료 쿠폰은 계좌에 등록 적용 후 최대 180일 동안 혜택을 제공 받을 수 있다.



이와 함께 다이렉트 비대면 국내선물, 옵션 계좌에서 1계약 이상을 거래한 모든 고객에게 커피쿠폰을 제공하며 이벤트 기간 내 국내선물, 옵션 거래가 일정 거래금액 이상일 경우 추첨을 통해 최대 현금 100만원의 혜택을 추가로 제공한다.



한편 미래에셋대우는 해외선물, 옵션 계좌를 개설한 최초 신규고객과 휴면고객에게 올해 말까지 해외선물, 옵션 온라인 거래수수료 $2.19 혜택(일부상품 제외)을 제공한다. 최초 신규고객의 경우 계좌개설 시 자동으로 혜택이 적용되며, 휴면고객의 경우 유선 신청 후 적용 받을 수 있다.



김민주기자 stella2515@dt.co.kr",2019-04-16,737165,104,미래에셋대우,"미래에셋대우, 국내 선물·옵션 온라인 수수료 지원 이벤트","['디지털타임스', '미래에셋대우', '다이렉트', '비대면', '국내선', '물', '옵션', '온라인', '수수료', '지원', '이벤트', '진행', '이벤트', '미래에셋대우', '국내선', '물', '옵션', '거래', '고객', '다이렉트', '비대면', '국내선', '물', '옵션', '계좌', '보유', '거나', '개설', '고객', '진행', '이벤트', '기간', '이벤트', '신청', '시', '국내선', '물', '옵션', '온라인', '거래', '수수료', '지원', '온라인', '수수료', '지원', '수수료', '쿠폰', '제공', '해당', '수수료', '쿠폰', '계좌', '등록', '적용', '혜택', '제공', '다이렉트', '비대면', '국내선', '물', '옵션', '계좌', '계약', '거래', '모든', '고객', '커피', '쿠폰', '제공', '이벤트', '기간', '국내선', '물', '옵션', '거래', '일정', '거래', '금액', '이상일', '추첨', '현금', '혜택', '제공', '미래에셋대우', '해외', '선물', '옵션', '계좌', '개설', '최초', '고객', '휴면', '고객', '해외', '선물', '옵션', '온라인', '거래', '수수료', '혜택', '일부', '상품', '제외', '제공', '최초', '고객', '계좌', '개설', '시', '자동', '혜택', '적용', '휴면', '고객', '유선', '신청', '적용', '김민주', '기자']","['미래에셋대우', '국내', '선물', '옵션', '온라인', '수수료', '지원', '이벤트']",경제,5
20,['경제>경제일반'],"미래에셋대우는 10일 오후 4시부터 전국 영업점에서 자산관리세미나를 개최한다고 9일 밝혔다.
 이번 세미나는 포트폴리오 필수 아이템 'Core Asset' 이라는 주제로, 시장 변동성 관리에 효과적인 상품들을 제시할 예정이다. 
 1부에서는 글로벌 금융시장 현황을 전반적으로 살펴보고 2부에서는 글로벌 소비성장 트렌드에 투자하는 전략을 소개하며 3부에서는 시장변동성을 최소화하는 안정적 투자전략을 안내할 예정이다. 미래에셋대우 김기환 WM컨설팅본부장은 ""미래에셋대우에서 개최하는 전국 동시 자산관리세미나는 시장 상황에 적합하고, 유망한 투자전략을 소개하는 세미나""라며 ""시장 변화에 선제적으로 대응할 수 있는 금융상품을 통해 포트폴리오를 재점검 할 수 있는 좋은 기회가 될 것""이라고 말했다.
 세미나 개최 장소와 기타 자세한 사항은 미래에셋대우 영업점 혹은 고객센터(1588-6800)에서 확인이 가능하다.
[조시영 기자]",2019-04-09,737158,254,미래에셋대우,미래에셋대우 2019 제1회 전국 자산관리 세미나 개최,"['미래에셋대우', '오후', '전국', '영업점', '자산', '세미나', '개최', '세미나', '포트폴리오', '필수', '아이템', '주제', '시장', '변동성', '상품', '부', '글로벌', '금융시장', '현황', '반적', '보고', '부', '글로벌', '소비', '성장', '트렌드', '투', '자하', '전략', '소개', '부', '시장', '변동성', '최소', '안정', '투자', '전략', '안내', '미래에셋대우', '김기환', '컨설팅', '본부장', '미래에셋대우', '최하', '전국', '동시', '자산', '세미나', '시장', '적합', '유망', '투자', '전략', '소개', '세미나', '시장', '변화', '제적', '대응', '금융', '상품', '포트폴리오', '재', '점검', '기회', '세미나', '개최', '장소', '기타', '자세', '사항', '미래에셋대우', '영업점', '고객', '센터', '확인']","['미래에셋대우', '전국', '자산', '세미나', '개최']",경제,19
61,"['경제>국제경제', '경제>금융_재테크', '경제>산업_기업']","[디지털타임스 차현정 기자] 미래에셋대우가 주당 220원의 현금배당을 실시한다. 



미래에셋대우는 지난해 결산 배당으로 보통주 1주당 220원의 현금배당을 결정했다고 27일 공시했다. 이에 따라 미래에셋대우 우선주에는 242원, 미래에셋대우2우B에는 220원이 현금배당 된다. 



배당성향은 약 34%로 지난해 대비 약 9% 증가했다. 총액은 1539억674만9480원이며, 배당주식 총수는 6억9859만555주다. 최종 배당금액은 오는 3월 정기주주총회 승인 후 확정된다. 



미래에셋대우는 지난해 4월 주주친화정책의 일환으로 2018회계년도 배당금 지급부터 3년간 최소 25%의 배당 성향을 유지하겠다고 밝힌바 있다. 



전경남 미래에셋대우 경영혁신부문대표는 ""지난해 글로벌 경제의 불확실성 확대로 순이익이 전년 대비 감소했지만 주주친화정책의 일환으로 주당 배당금은 지난해와 동일하게 드리기로 했다""며 ""앞으로도 주주가치를 높이기 위해 주주 친화적인 배당 정책 기조를 꾸준히 이어가겠다""고 말했다.



차현정기자 hjcha@dt.co.kr",2019-02-28,737118,936,미래에셋대우,"미래에셋대우, 주당 220원 현금배당…""주주가치 제고""","['디지털타임스', '미래에셋대우', '현금', '배당', '실시', '미래에셋대우', '결산', '배당', '보통주', '현금', '배당', '결정', '공시', '미래에셋대우', '우선주', '미래에셋대우', '현금', '배당', '배당', '성향', '증가', '배당', '주식', '총수', '만주', '최종', '배당금', '정기', '주주총회', '승인', '확정', '미래에셋대우', '주주', '친', '정책', '일환', '회계', '년도', '배당금', '지급', '최소', '배당', '성향', '전경남', '미래에셋대우', '경영', '혁신', '대표', '글로벌', '경제', '불확실', '순이익', '주주', '친', '정책', '일환', '배당금', '동일', '드', '리기', '앞', '주주', '가치', '높이', '주주', '친', '배당', '정책', '기조', '어가', '차현정', '기자']","['미래에셋대우', '현금', '배당', '주주', '가치']",경제,14
213,"['경제>증권_증시', '경제>국제경제', '경제>금융_재테크']","전문가가 장기간 분산투자하면 
수익률 높고 변동성 크게 줄어 
 
美선 자산 알아서 굴려주는 
타깃데이트펀드 안정적 수익 
 
미래에셋대우 퇴직연금랩 
2009년 출시 후 67% 高수익 
 
 
[ 조진형 기자 ] “퇴직연금 수익률을 높이려면 하드웨어가 아니라 소프트웨어를 확 바꿔야 합니다.” 
 
김대환 미래에셋대우 WM연금지원부문 대표(사진)는 30일 한국경제신문과의 인터뷰에서 “퇴직연금은 2005년 말 국내에 도입된 후 171조원 규모로 성장했지만 외형만 커졌을 뿐 내적 결실을 맺지 못하고 있다”며 이같이 말했다. 
 
그는 “퇴직연금 현장을 뛰다 보면 각종 규제에 묶여 의미 있는 수익률을 내지 못하는 사례를 숱하게 접한다”며 안타까워했다. 무엇보다 디폴트 옵션(자동투자제도) 도입을 서둘러야 한다고 했다. 디폴트 옵션은 확정기여(DC)형 퇴직연금에 가입한 근로자가 특별한 운용 지시를 하지 않을 경우 사전에 등록돼 있는 자산배분형 적립금 운용방법으로 자동 운용하는 제도다. 디폴트 옵션이 도입된 미국에선 DC 운용 지시를 하지 않은 근로자 10명 중 9명이 생애주기별로 알아서 자산을 굴려주는 타깃데이트펀드(TDF)를 활용해 안정적인 수익을 내고 있다. 
 
반면 국내에선 퇴직연금을 말 그대로 ‘방치’하고 있다는 게 김 대표의 진단이다. 그는 “지난해 DC 가입 근로자의 91.4%가 기존의 운용 지시를 한 번도 변경하지 않았다”며 “최초 가입 상품이 무관심 속에 장기간 방치되고 있다”고 말했다. 
 
국내에서도 퇴직연금을 알아서 굴려주는 랩 상품의 수익률은 돋보인다. 미래에셋대우의 퇴직연금랩(액티브40) 상품은 2009년 2월 출시 이후 67% 수익을 내고 있다. 연 환산 5.94%로 작년 퇴직연금 평균 수익률(1.88%)을 크게 웃돈다. 김 대표는 “전문가가 장기간 분산 투자하면 수익률도 높고 변동성도 현저히 줄어든다”며 “가입자는 원하지 않을 경우 언제든지 디폴트 옵션 적용을 철회하거나 해지할 수 있어 운용 자율성을 해치지도 않는다”고 말했다. 
 
회사가 직접 운용하는 확정급여(DB)형 퇴직연금은 수익성 측면에서 더 심각한 상황이라고 지적했다. DB의 원리금보장형 비중(대기성자금 포함)은 96.5%로 DC형(83.3%)보다 높다. 김 대표는 DB형 퇴직연금은 기업이 투자원칙보고서(IPS)를 반드시 작성하도록 해야 한다고 했다. 김 대표는 “현재는 사내 인사·재무 담당자 등이 운용 결과를 책임지는 구조여서 무조건 원리금보장형 상품만 가입하고 있다”며 “IPS를 통해 장기적인 전략을 가지고 다양한 자산에 분산 투자하도록 의무화해야 한다”고 말했다. 한 상장사는 2015년부터 자발적으로 IPS를 바탕으로 운용한 결과 지난해까지 연평균 4.53% 성과를 냈다. 
 
다음달 열리는 정기국회에선 근로자퇴직급여보장법 개정안을 다룰 예정이다. 하지만 디폴트 옵션 등은 2016년 개정안에 포함돼 있다가 빠졌다. 김 대표는 “퇴직연금은 내년부터 단계적으로 도입이 의무화될 예정”이라며 “국회가 퇴직연금의 질적 개선을 위한 소프트웨어 개혁에 적극 나서야 한다”고 강조했다. 
 
조진형 기자 u2@hankyung.com",2018-08-30,736936,4862,미래에셋대우,"김대환 미래에셋대우 WM연금지원부문 대표 ""외화내빈 퇴직연금… 자동투자制로 수익률 높여야""","['전문가', '장기간', '분산', '투자', '수익률', '변동성', '자산', '타깃', '데이트', '펀드', '안정', '수익', '미래에셋대우', '퇴직', '연금', '랩', '출시', '수익', '퇴직', '연금', '수익률', '높이', '려면', '하드웨어', '소프트웨어', '확', '김대환', '미래에셋대우', '연금', '지원', '대표', '사진', '경제', '신문', '인터뷰', '퇴직', '연금', '국내', '도입', '규모', '성장', '외형', '뿐', '내적', '결실', '못', '퇴직', '연금', '현장', '각종', '규제', '의미', '수익률', '내지', '사례', '숱', '접', '안타', '무엇', '디폴트', '옵션', '자동', '투자', '제도', '도입', '디폴트', '옵션', '확정', '기여', '퇴직', '연금', '가입', '근로자', '특별', '운용', '지시', '사전', '등록', '자산', '배분', '적립금', '운용', '방법', '자동', '운용', '제도', '디폴트', '옵션', '도입', '미국', '운용', '지시', '근로자', '생애', '주기', '별로', '자산', '타깃', '데이트', '펀드', '활용', '정적', '수익', '반면', '국내', '퇴직', '연금', '방치', '게', '김', '대표', '진단', '가입', '근로자', '운용', '지시', '번', '변', '경하', '최초', '가입', '상품', '무관심', '속', '장기간', '방치', '국내', '퇴직', '연금', '랩', '상품', '수익률', '미래에셋대우', '퇴직', '연금', '랩', '액티브', '상품', '출시', '수익', '연', '환산', '작년', '퇴직', '연금', '평균', '수익률', '웃돈', '김', '대표', '전문가', '장기간', '분산', '투', '자하', '수익률', '변동성', '현저', '가입자', '언제', '디폴트', '옵션', '적용', '철', '회하', '거나', '해지', '운용', '자율성', '해치', '지도', '회사', '직접', '운용', '확정', '급여', '퇴직', '연금', '수익성', '측면', '심각', '지적', '원리금', '보장', '대기', '성자', '금', '포함', '김', '대표', '퇴직', '연금', '기업', '투자', '원칙', '보고서', '반드시', '작', '성하', '도록', '김', '대표', '사내', '인사', '재무', '담당자', '운용', '결과', '책임', '구조', '여서', '무조건', '원리금', '보장', '상품', '가입', '장기적', '전략', '가지', '다양', '자산', '분산', '투', '자하', '도록', '의무', '화해', '상장사', '자발', '바탕', '운용', '결과', '연평', '성과', '다음', '정기', '국회', '근로자', '퇴직', '급여', '보장', '법', '개정안', '디폴트', '옵션', '개정안', '포함', '김', '대표', '퇴직', '연금', '내년', '단계', '도입', '의무', '국회', '퇴직', '연금', '질적', '소프트웨어', '개혁', '적극', '강조']","['김대환', '미래에셋대우', '연금', '지원', '대표', '외화', '내빈', '퇴직', '연금', '자동', '투자', '수익률', '여야']",경제,1
90,"['국제>유럽_EU', '경제>국제경제', '경제>산업_기업']","영국법인 주식 3360억 처분 
 
 
[ 오형주 기자 ] 미래에셋대우가 브렉시트(영국의 유럽연합 탈퇴)를 앞두고 영국법인 자본금을 빼내 홍콩법인 증자에 투입하는 대규모 자금거래를 전격 단행했다. 
 
미래에셋대우는 홍콩법인이 시행하는 유상증자에 5000억원을 출자한다고 17일 발표했다. 이번 유상증자로 미래에셋대우 홍콩법인의 자기자본은 1조4438억원(작년 9월 말 기준)에서 2조원 안팎으로 늘어나게 된다. 홍콩법인 증자에 필요한 자금 중 일부는 영국법인 주식을 처분해 조달할 예정이다. 이날 미래에셋대우는 영국법인 주식 3억 주를 약 3360억원에 처분하는 유상감자를 한다고 공시했다. 감자 이후 영국법인 자기자본은 6513억원에서 3153억원으로 줄어든다. 
 
미래에셋대우 관계자는 “브렉시트와 관련해 유럽시장의 불확실성이 커진 반면 홍콩에선 다양한 비즈니스 기회가 생기고 있다”며 “런던법인의 조직·인력과 트레이딩 업무 등은 그대로 유지할 계획”이라고 설명했다. 
 
오형주 기자 ohj@hankyung.com",2019-01-18,737077,1971,미래에셋대우,"미래에셋대우, 홍콩법인에 5000억원 출자","['영국', '법인', '주식', '처분', '미래에셋대우', '브렉', '시트', '영국', '유럽연합', '탈퇴', '영국', '법인', '자본금', '홍콩', '법인', '증자', '투', '입하', '대규모', '자금', '거래', '전격', '단행', '미래에셋대우', '홍콩', '법인', '시행', '유상증자', '출자', '발표', '유상증자', '미래에셋대우', '작년', '안팎', '홍콩', '법인', '증자', '필요', '자금', '일부', '영국', '법인', '주식', '처분', '조달', '날', '미래에셋대우', '영국', '법인', '주식', '처분', '유상', '감자', '공시', '감자', '미래에셋대우', '브렉', '시트', '유럽', '시장', '불', '확실성', '반면', '홍콩', '다양', '비즈니스', '기회', '생기', '런던', '법인', '조직', '인력', '트레이딩', '업무', '계획']","['미래에셋대우', '홍콩', '법인', '출자']",경제,8
96,"['경제>금융_재테크', '경제>국제경제', '경제>증권_증시']","미래에셋대우는 달러 청약 ELS를 비롯한 9종의 상품을 약 1250억원 규모로 판매한다고 14일 밝혔다. 
이번에 판매하는 달러 청약 ELS '제26337회 HSCEI-S&P500-Eurostoxx50 스텝다운 ELS(고위험)'는 달러로 투자하고 달러로 수익을 지급받는 만기 3년짜리 상품이다. 조기상환 평가일에 모든 기초자산 가격이 최초기준가의 90%(6개월), 85%(12·18개월), 80%(24개월), 75%(30개월), 70%(36개월) 이상이면 투자자는 연 8.6%(세전)의 수익을 얻는다. 조기상환이 되지 않더라도 모든 기초자산 중 어느 하나라도 만기평가일까지 최초기준가격의 50% 미만으로 하락한 적이 없는 경우 연 8.6%(세전)의 수익이 지급된다. 
단 기초자산 중 어느 하나라도 최초기준가격의 50% 미만으로 하락한 적이 있고 만기평가 시 모든 기초자산 중 어느 하나라도 70% 미만이면 만기상환 조건에 따라 최대 100%의 원금 손실 가능성이 있다. 
글로벌 ELS '제26330회 아마존-엔비디아(월쿠폰지급식·초고위험)'은 6개월 만기 상품으로 월수익지급 평가일 기초자산의 종가와 상관없이 무조건 매월 1.59%(세전 연 19.08%)의 수익을 지급한다. 또 만기평가일까지 모든 기초자산 중 어느 하나라도 각각의 최초기준가격 대비 70% 미만(종가기준)으로 하락한 적이 없으면 투자자는 만기일에 원금 100%를 돌려받는다. 
다만 기초자산 중 어느 하나라도 최초기준가격의 70% 미만으로 하락한적이 있고 만기평가가격이 최초기준가격의 100% 미만에 있어 만기에 손실이 발생한다면, 투자자는 원금 대신 하락률이 큰 기초자산의 해외주식을 실물로 받는다. 이 상품은 미래에셋대우 영업점에서만 청약할 수 있다. 
이번에 판매하는 상품들은 오는 18일 오후 1시 30분까지 100만원 단위로 청약할 수 있다. 상품들에 대한 자세한 사항은 미래에셋대우 전국 영업점과 고객센터에서 확인하면 된다. 
이 상품은 기초자산이 가격조건을 충족하지 못할 경우 원금손실이 발생 가능성이 있다. 
[디지털뉴스국 한경우 기자]",2019-01-14,737073,2086,미래에셋대우,"미래에셋대우, 달러 청약 ELS 등 투자상품 9종 판매","['미래에셋대우', '청약', '비롯', '종', '상품', '규모', '판매', '판', '매하', '청약', '스텝', '다운', '고위', '투자', '수익', '지급', '만기', '상품', '조기상환', '평', '가일', '모든', '기초자산', '가격', '최초', '이면', '투자자', '연', '수익', '조기상환', '더라도', '모든', '기초자산', '하나라', '만기', '평가', '최초', '격의', '미만', '하락', '연', '수익', '지급', '단', '기초자산', '하나라', '최초', '격의', '미만', '하락', '만기', '평가', '시', '모든', '기초자산', '하나라', '미만', '이면', '만기', '상환', '조건', '원금', '손실', '가능성', '글로벌', '아마존', '엔비디아', '월', '쿠폰', '지급', '식', '초고', '위험', '만기', '상품', '월', '수익', '지급', '평가', '기초자산', '종가', '상관', '무조건', '매월', '연', '수익', '지급', '또', '만기', '평가', '모든', '기초자산', '하나라', '최초', '격', '미만', '종가', '하락', '투자자', '만기일', '원금', '다만', '기초자산', '하나라', '최초', '격의', '미만', '하락', '한적', '만기', '평가', '격', '최초', '격의', '미만', '만기', '손실', '투자자', '원금', '대신', '하락', '기초자산', '해외', '주식', '실물', '상품', '미래에셋대우', '영업점', '청약', '판', '매하', '상품', '오후', '단위', '청약', '상품', '자세', '사항', '미래에셋대우', '전국', '영업점', '고객', '센터', '확', '인하', '상품', '기초자산', '가격', '조건', '충', '족하', '원금', '손실', '가능성', '디지털', '뉴스', '국']","['미래에셋대우', '청약', '투자', '상품', '종', '판매']",경제,3
98,"['경제>산업_기업', '경제>취업_창업', '경제>금융_재테크']","미래에셋대우는 지난 8일 포시즌스 호텔에서 코람코자산신탁과 '리츠투자 활성화를 위한 업무제휴' 양해각서를 체결했다고 9일 밝혔다. 왼쪽 셋째부터 정용선 코람코자산신탁 대표이사 사장, 김상태 미래에셋대우 IB총괄 사장, 최훈 미래에셋대우 IB3부문 대표.",2019-01-09,737068,2165,미래에셋대우,"[포토] 미래에셋대우, 코람코자산신탁과 리츠투자 활성화를 위한 전략적 MOU 체결","['미래에셋대우', '포시즌스', '호텔', '코람코', '자산', '신탁', '리츠', '투자', '활성화', '업무', '제휴', '양해각서', '체결', '왼쪽', '정용선', '코람코', '자산', '신탁', '대표이사', '사장', '김상태', '미래에셋대우', '총괄', '사장', '최훈', '미래에셋대우', '대표']","['포토', '미래에셋대우', '코람코', '자산', '신탁', '리츠', '투자', '활성화', '전략', '체결']",경제,20
127,"['경제>산업_기업', '경제>국제경제']","미래에셋대우는 세계 최대 전자상거래기업 아마존의 신설 물류센터 인수를7800만달러(약 900억원)을 주고 인수하는 작업을 26일 완료했다고 밝혔다. 
아마존 물류센터의 지분을 단독으로 인수한 미래에셋대우 미국(LA)법인은 일부 지분을 상품화해 미국 현지에서 기관은 물론 고액자산가 등에게 직접 판매할 계획이다. 이미 글로벌 보험사인 알리안츠가 선순위 투자자로 참여했다.
미국 동남부 물류 중심지인 애틀란타 인근 약 3만 평 부지에 위치한 아마존의 신설 물류센터는 미국의 부동산투자회사 USAA Real Estate Company가 지난 7월 완공했다. 아마존이 15년 동안 장기로 임차했다. 최대 25년까지 추가로 임차할 수 있는 조건도 임대차 계약에 붙어 있다. 
우연광 미래에셋대우 미국(LA)법인 대표는 ""미래에셋그룹이 최근 글로벌 대체투자 시장에서 우량 딜(거래)들을 잇따라 성공적으로 성공시키면서 글로벌 투자은행(IB)들로부터 더욱 좋은 조건의 제안들이 들어오고 있다""며 ""미국(LA)법인은 강화된 미국 내 네트워크를 활용해 보다 많은 우량자산들을 인수하고 국내외 투자자들에게 소개할 예정""이라고 말했다. 
미래에셋대우 미국(LA)법인은 미국 내 우량한 대체투자자산들을 인수하는 현지화된 IB비즈니스모델을 구축하고 있으며, 코트야드메리어트호텔 포트폴리오, 하와이 포시즌스 등 미국 내 트로피 에셋에 대한 활발한 투자를 계속하고 있다. 투자 자산들은 금융상품으로 개발돼 현지 투자자들에게 판매되기도 한다. 이 같이 IB와 WM비즈니스를 연계해 시너지를 일으키는 비즈니스 모델을 정착시켜나가는 중이라고 미래에셋대우 측은 강조했다. 
[디지털뉴스국 한경우 기자]",2018-12-26,737054,2443,미래에셋대우,"미래에셋대우, 아마존 신설 물류센터 인수 작업 완료","['미래에셋대우', '세계', '전자상거래', '기업', '아마존', '신설', '물류', '센터', '만달', '인', '수하', '작업', '완료', '아마존', '물류', '센터', '지분', '단독', '미래에셋대우', '미국', '법인', '일부', '지분', '상품화', '미국', '기관', '고액', '자산', '직접', '판매', '계획', '글로벌', '보험사', '알리안츠', '순위', '투자자', '미국', '동남', '부', '물류', '중심지', '애틀란타', '인근', '만', '평', '부지', '위치', '아마존', '신설', '물류', '센터', '미국', '부동산', '투자', '회사', '완공', '아마존', '장기로', '임차', '임차', '조건', '임대차', '계약', '우연', '광', '미래에셋대우', '미국', '법인', '대표', '그룹', '글로벌', '대체', '투자', '시장', '우량', '딜', '거래', '공적', '성공', '글로벌', '투자', '은행', '로부터', '조건', '제안', '미국', '법인', '미국', '네트워크', '활용', '우량', '자산', '국내외', '투자자', '소개', '미래에셋대우', '미국', '법인', '미국', '우량', '대체', '투자자', '산들', '인', '수하', '비즈니스모델', '구축', '코트', '야드', '메리어트', '호텔', '포트폴리오', '하와이', '포시즌스', '미국', '트로피', '셋', '활발', '투자', '투자', '자', '산들', '금융', '상품', '개발', '투자자', '판매', '기도', '비즈니스', '연', '계해', '시너지', '비즈니스', '모델', '정착', '중이', '미래에셋대우', '측은', '강조', '디지털', '뉴스', '국']","['미래에셋대우', '아마존', '신설', '물류', '센터', '작업', '완료']",경제,17
129,"['경제>금융_재테크', '사회>사회일반']","저축은행중앙회는 미래에셋대우와 서울 중구 미래에셋센터원빌딩에서 미래에셋대우 투자일임자산(랩어카운트, Wrap-account) 내 저축은행 정기예금 제공을 위한 업무협약을 체결했다고 9일 밝혔다. 



랩어카운트(Wrap-Account)는 고객이 예탁한 재산을 증권사가 고객의 투자성향에 따라 자산배분 및 운용 등 서비스를 제공하는 종합자산관리계좌이다. 



이번 협약으로 미래에셋대우는 양사의 전산개발이 완료되는 내년 3월 경 랩어카운트 계좌를 보유한 고객의 투자일임자산으로 예금자보호한도인 5000만원까지 저축은행의 정기예금을 편입할 수 있게 된다.



저축은행중앙회 관계자는 ""미래에셋대우는 타 금융권 대비 상대적으로 높은 저축은행의 정기예금 금리에 따라 더욱 안정적인 고객 자산관리 및 수익성 제고가 가능하게 됐다""며 ""저축은행은 또한 고객 접점을 높일 수 있는 새로운 수신채널로 미래에셋대우 영업점을 활용할 수 있게 됐다""고 전했다. 



 주현지기자 jhj@",2018-12-10,737038,2698,미래에셋대우,저축은행연합회·미래에셋대우… 저축은행 정기예금 업무 협약,"['저축은행', '중앙회', '미래에셋대우', '서울', '중구', '미래에셋센터원', '빌딩', '미래에셋대우', '투자', '일임', '자산', '랩', '카운트', '저축은행', '정기예금', '제공', '업무', '협약', '체결', '랩', '카운트', '고객', '탁', '재산', '증권사', '고객', '투자', '성향', '자산', '배분', '운용', '서비스', '제공', '종합', '자산', '계좌', '협약', '미래에셋대우', '양사', '전산', '개발', '완료', '내년', '경', '랩', '카운트', '계좌', '보유', '고객', '투자', '일임', '자산', '예금', '자', '보호', '한도', '저축은행', '정기예금', '편입', '저축은행', '중앙회', '미래에셋대우', '타', '금융', '권', '대적', '저축은행', '정기예금', '금리', '정적', '고객', '자산', '수익성', '고가', '저축은행', '고객', '접점', '새', '채널', '미래에셋대우', '영업점', '활용', '주현', '지기', '자']","['저축은행', '연합', '미래에셋대우', '저축은행', '정기예금', '업무', '협약']",경제,0
134,"['경제>금융_재테크', '경제>서비스_쇼핑', '경제>증권_증시']","미래에셋대우는 연 5.4~8.3%의 수익을 올릴 수 있는 지수형 ELS 6종과 글로벌 ELS 2종 등 8종을 약 1000억원 규모로 모집 중이라고 5일 밝혔다. 
'제26283회 넷플릭스-엔비디아 해외주식지급형 트윈-윈 글로벌 ELS(고위험)'는 만기 1년 상품으로 조기상환평가일(3·6·9개월)에 모든 기초자산이 최초기준가격의 85% 이상이면 연 22%의 수익을 제공한다. 조기상환조건을 충족시키지 못한 경우 만기평가일(12개월)에 두 기초자산(넷플릭스, 엔비디아)의 만기평가가격이 모두 최초기준가격보다 상승했다면, 기초자산 상승률이 낮은 종목의 상승률 만큼을 수익으로 지급한다.
트윈-윈 상품은 두 기초자산 중 열위에 있는 종목의 만기평가가격이 최초기준가격보다 하락했더라도 만기평가일까지 두 기초자산 중 어느 하나도 각 최초기준가격의 50% 미만으로 하락한 적이 없다면 기초자산 하락률 만큼 손실이 아닌 수익을 지급한다. 
그러나 최초기준가격의 50% 미만으로 하락한 적이 있고, 기초자산 중 어느 하나라도 만기평가가격이 최초기준가격의 100% 미만에 있어 손실이 발생한다면, 하락률이 큰 기초자산 해외주식을 실물로 지급한다.
해외주식지급형 제26283회 ELS(고위험) 상품은 미래에셋대우 영업점에서만 청약이 가능하다. 오는 7일 오후 1시 30분까지 최소 100만원부터 100만원 단위로 청약이 가능하다. 
상품들에 대한 자세한 사항은 미래에셋대우 전국 영업점과 고객센터에서 확인할 수 있다. 
이 상품은 기초자산이 가격조건을 충족하지 못할 경우 원금손실이 발생할 수 있으며, 표기된 모든 수익률은 세전 수익률이다.
[디지털뉴스국 한경우 기자]",2018-12-05,737033,2769,미래에셋대우,"미래에셋대우, 양방향 수익 추구·손실시 실물 지급 등 ELS 8종 모집","['미래에셋대우', '연', '수익', '지수', '종', '글로벌', '종', '종', '규모', '모집', '중이', '넷플릭스', '엔비디아', '해외', '주식', '급', '트윈', '윈', '글로벌', '고위', '만기', '상품', '조기상환', '평가', '모든', '기초자산', '최초', '격의', '이면', '연', '수익', '제공', '조기상환', '조건', '충족', '못', '만기', '평가', '기초자산', '넷플릭스', '엔비디아', '만기', '평가', '격', '모두', '최초', '가격', '기초자산', '승률', '종목', '만큼', '수익', '지급', '트윈', '윈', '상품', '기초자산', '종목', '만기', '평가', '격', '최초', '가격', '하락', '더라도', '만기', '평가', '기초자산', '각', '최초', '격의', '미만', '하락', '기초자산', '하락', '만큼', '손실', '수익', '지급', '최초', '격의', '미만', '하락', '기초자산', '하나라', '만기', '평가', '격', '최초', '격의', '미만', '손실', '하락', '기초자산', '해외', '주식', '실물', '지급', '해외', '주식', '급', '고위', '상품', '미래에셋대우', '영업점', '청약', '오후', '최소', '단위', '청약', '상품', '자세', '사항', '미래에셋대우', '전국', '영업점', '고객', '센터', '확인', '상품', '기초자산', '가격', '조건', '충', '족하', '원금', '손실', '표기', '모든', '수익률', '수익률', '디지털', '뉴스', '국']","['미래에셋대우', '양방', '향', '수익', '추구', '손실', '시', '실물', '지급', '종', '모집']",경제,4
143,"['경제>산업_기업', '경제>국제경제', '경제>취업_창업']","미래에셋대우가 직원들을 대상으로 한 해외 연수 프로그램을 도입하는 등 글로벌 인재 육성에 팔을 걷어붙였다.
21일 미래에셋대우에 따르면 최근 글로벌 전문가 육성 프로그램 1기 대상자로 직원 16명을 선발했다. 이 프로그램은 글로벌 역량을 갖고 고객 자산을 관리하는 금융투자 전문가를 양성하는 게 목표다.
사내 공모를 거쳐 선발된 인원은 미래에셋대우의 글로벌 네트워크 10개국 14개 거점에서 최소 3개월에서 최대 1년까지 연수를 진행한다. 1기 선발 인원 16명은 현재 홍콩, 인도, 뉴욕, 런던, 브라질, 중국 등 6개국 현지법인에서 업무와 문화를 경험하며 필요한 역량을 기르고 있다.
중국 베이징사무소에서 연수 중인 홍승표 신탁운용팀 매니저는 “보다 빠르게 투자 정보나 시장 동향 등을 접할 수 있어 현지 시장 분위기를 보다 손쉽게 파악할 수 있다”며 “딜 소싱(투자처 발굴)이나 인수합병(M&A) 부문에서도 경험을 쌓을 수 있다는 점도 매력적”이라고 말했다.
이에 앞서 미래에셋대우는 지난해부터 ‘글로벌 주식 전문가 양성 과정’을 운영해 2년 동안 200여명의 전문가를 육성했다. 고객이 어느 지점에 방문하더라도 해외 주식 투자에 대한 컨설팅을 받을 수 있도록 지원하고 있다. 과정 참여자에게는 해외 기업 탐방 기회도 제공한다.
교육생들은 중국 알리바바·메이디그룹·해천미업, 베트남 비나밀크·마산그룹 등 총 14개 기업을 직접 방문해 기업 문화 등을 경험함으로써 투자 인사이트를 얻는 시간을 갖고 있다.
해외 연수에 참여했던 안길찬 경북 포항WM 선임매니저는 “리포트나 포럼을 통해서만 얻을 수 있었던 해외 기업에 대한 정보를 직접 탐방을 통해 알 수 있어서 좋은 기회였다”며 “글로벌 투자 전문가로 성장하는 데 많은 도움이 될 것”이라고 말했다.
정유인 미래에셋대우 인재개발본부장은 “고객에 대한 신뢰를 실천하는 길은 전문인력을 꾸준히 육성하는 것”이라며 “앞으로도 글로벌 투자 전문가 양성을 위해 최선의 노력을 다할 것”이라고 강조했다.
장세훈 기자 shjang@seoul.co.kr",2018-11-22,737020,3059,미래에셋대우,"[금융 특집] 미래에셋대우증권, 10개국에 인재 보내…2년간 글로벌 전문가 200명 육성","['미래에셋대우', '직원', '해외', '연수', '프로그램', '도', '입하', '글로벌', '인재', '육성', '팔', '미래에셋대우', '글로벌', '전문가', '육성', '프로그램', '대상자', '직원', '선발', '프로그램', '글로벌', '역량', '고객', '자산', '관', '리하', '금융투자', '전문가', '양', '성하', '게', '목표', '사내', '공모', '선발', '인원', '미래에셋대우', '글로벌', '네트워크', '개국', '거점', '최소', '연수', '진행', '선발', '인원', '홍콩', '인도', '뉴욕', '런던', '브라질', '중국', '개국', '법인', '업무', '문화', '경험', '필요', '역량', '중국', '베이징', '사무소', '연수', '중인', '홍승표', '신탁', '운용', '팀', '매니저', '투자', '시장', '동향', '접', '시장', '분위기', '파악', '딜', '소싱', '투자', '처', '발굴', '이나', '인수합병', '경험', '점도', '매력', '앞서', '미래에셋대우', '글로벌', '주식', '전문가', '양성', '과정', '운영', '여명', '전문가', '육성', '고객', '지점', '방', '문하', '더라도', '해외', '주식', '투자', '컨설팅', '도록', '지원', '과정', '참여자', '해외', '기업', '탐방', '기회', '제공', '교육', '생', '중국', '알리바바', '메이', '디그', '룹', '해천', '업', '베트남', '밀크', '마산', '그룹', '기업', '직접', '방문', '기업', '문화', '경험', '로써', '투자', '인사이트', '시간', '해외', '연수', '안길', '찬', '경북', '포항', '선임', '매니저', '리포트', '포럼', '만', '해외', '기업', '직접', '탐방', '알', '어서', '기회', '글로벌', '투자', '전문가', '장하', '데', '도움', '정유', '미래에셋대우', '인', '재개발', '본부장', '고객', '신뢰', '실', '천하', '전문', '인력', '육', '성하', '앞', '글로벌', '투자', '전문가', '양성', '최선', '노력', '강조']","['금융', '특집', '미래에셋대우', '증권', '개국', '인재', '글로벌', '전문가', '육성']",경제,16
174,['경제>경제일반'],"[ 조진형 기자 ] 미래에셋대우는 금융소비자 보호 및 사회공헌 활동의 전문성과 투명성을 강화하기 위해 사회적책임위원회를 설치한다고 25일 발표했다. 
 
사회적책임위원회는 미래에셋대우 이사회 내 소위원회로 설치된다. 기부 후원 등 사회공헌 활동과 금융소비자 보호를 위한 기업의 사회적 책임 활동에 관한 연간 계획을 수립하고 지원할 예정이다. 
 
위원회는 최현만 수석부회장(사진), 황건호 사외이사, 박찬수 사외이사 등 3인의 이사로 구성된다. 위원장은 최 수석부회장이 맡는다. 
 
최 수석부회장은 “미래에셋대우는 국내 1위 금융투자기업으로서 사회적 책임 경영과 금융소비자와의 동반 성장을 위해 최선을 다할 것”이라며 “금융소비자 보호, 취약계층 지원은 물론 청년 일자리 창출 등 사회 문제 해결과 금융소비자 보호를 위해 앞장설 것”이라고 말했다 
 
조진형 기자 u2@hankyung.com",2018-10-25,736992,3827,미래에셋대우,"미래에셋대우, 사회적책임委 설치","['미래에셋대우', '금융', '소비자', '보호', '사회', '공헌', '활동', '전문성', '투명성', '사회', '책임', '위원회', '설치', '발표', '사회', '책임', '위원회', '미래에셋대우', '이사회', '소', '위원회', '설치', '기부', '후원', '사회', '공헌', '활동', '금융', '소비자', '보호', '기업', '사회', '책임', '활동', '관', '연간', '계획', '수립', '지원', '위원회', '최현', '수석', '부회장', '사진', '황', '건호', '사외이사', '박찬수', '사외이사', '인의', '이사', '구성', '위원장', '최', '수석', '부회장', '최', '수석', '부회장', '미래에셋대우', '국내', '금융투자', '기업', '사회', '책임', '경영', '금융', '소비자', '동반', '성장', '최선', '금융', '소비자', '보호', '취약', '계층', '지원', '청년', '일자리', '창', '사회', '문제', '해결', '금융', '소비자', '보호', '앞장', '설']","['미래에셋대우', '사회', '책임', '설치']",경제,18
446,"['경제>국제경제', '경제>금융_재테크', '경제>취업_창업']","중견 건설사인 호반건설이 계열사인 호반베르디움을 통해 미래에셋대우 유상증자 청약에 500억원을 투자했다. 
미래에셋대우는 지난달 말 우선주 발행을 통해 7000억원 규모의 유상증자를 실시하는 과정에서 대주주인 미래에셋캐피탈, 국민연금, 네이버 등이 '자의 반 타의 반'으로 대량 실권하면서 애를 먹었다. 이로 인해 구주주가 실권한 4812만여 주가 일반공모로 나온 가운데 호반건설이 실권주 가운데 1000만주를 받아내면서 '흑기사' 역할을 톡톡히 한 셈이 됐다. 호반베르디움은 자기자본의 19%가량을 이번 투자에 베팅했다. 이 밖에도 몇몇 기관투자가가 수십억 원대 규모로 막판 참여했다는 후문이다.
앞서 미래에셋대우는 지난 1월 호반건설이 대우건설 인수를 위한 우선협상자로 선정될 당시 재무적투자자(FI)로 참여할 예정이었다. 당시 미래에셋대우가 호반 측 인수·합병(M&A) 자문사이긴 했지만 지분 10.75%에 해당하는 풋옵션 담보를 제공하기로 한 결정은 '깜짝 소식'이었다. 비록 호반건설의 대우건설 인수는 불발됐지만 양 사의 돈독한 관계를 확인한 계기가 됐다.
미래에셋대우와 호반건설은 2016년 김포 풍무 역세권 개발사업에 컨소시엄으로 공동 참여를 시도했던 전례도 있다. 업계에선 두 회사가 그간 협력 과정에서 쌓은 인연이 이번 증자 참여로 이어진 것으로 풀이했다. 이에 대해 미래에셋대우 관계자는 ""이번 유상증자는 추가 이율을 보장한 데다 발행가에 할인율도 적용했다""며 ""호반건설도 투자 목적으로 증자에 참여한 것으로 알고 있다""고 말했다.
[신헌철 기자]",2018-03-02,736755,9324,미래에셋대우,"미래에셋대우 유상증자 호반건설, 500억원 참여","['중견', '건설사', '호반', '건설', '계열', '사인', '호반', '베르디', '움', '미래에셋대우', '유상증자', '청약', '투자', '미래에셋대우', '지난달', '우선주', '발행', '규모', '유상증자', '실시', '과정', '대주', '주인', '캐피탈', '국민연금', '네이버', '자의', '반', '타의', '반', '대량', '실권', '애', '이로', '구주', '주가', '실권', '주가', '일반', '공모', '가운데', '호반', '건설', '실권', '가운데', '만주', '아내', '흑기사', '역할', '톡톡', '셈', '본의', '가량', '투자', '베팅', '몇몇', '기관', '투자가', '수십', '규모', '막판', '후문', '앞서', '미래에셋대우', '호반', '건설', '대우건설', '우선', '협상', '자로', '선정', '당시', '재', '무적', '투자자', '었다', '당시', '미래에셋대우', '호반', '합병', '자문', '사이', '지분', '풋', '옵션', '담보', '제공', '결정', '깜짝', '소식', '비록', '호반', '건설', '대우건설', '불발', '양', '사의', '돈독', '관계', '확인', '계기', '미래에셋대우', '호반', '건설', '김포', '무', '권', '개발', '사업', '컨소시엄', '공동', '시도', '전례', '업계', '회사', '그간', '협력', '과정', '인연', '증자', '이어진', '미래에셋대우', '유상증자', '이율', '보장', '데', '발행', '할인율', '적용', '호반', '건설', '투자', '목적', '증자', '알']","['미래에셋대우', '유상증자', '호반', '건설']",경제,10
193,"['경제>금융_재테크', '경제>유통', '경제>산업_기업']","[디지털타임스 김민주 기자] 미래에셋대우 는 지난 3월 발행한 140억원 규모의 '해외주식 지급형 글로벌 ELS'(초고위험)가 평균 연 15.63%(세전)의 수익률로 9월에 모두 만기 상환됐다고 1일 밝혔다. 



해외주식지급형 ELS(주가연계증권)는 미래에셋대우가 업계 최초로 출시한 상품이다. 만약 손실이 확정되더라도 현금으로 지급하는 것이 아니라 주식으로 지급함으로써 글로벌 우량 주식을 보유해 손실을 회복할 수 있는 기회를 제공하는 것이 특징이다.



이 상품은 매월 고정 수익을 지급하면서 만기를 6개월로 짧게 설정한 특징을 가지고 있으며, 지난 3월에 출시한 제 22697회, 22901회, 22910회, 22911회 글로벌 ELS 상품 모두가 9월에 평균 15.63%(세전) 수익률로 만기 상환됐다. 



기초자산으로 아마존, 엔비디아 등 해외 종목 2개를 조합해 사용하고 있으며 첫 회 모집 5일만에 한도 100억원을 모두 판매한 기록도 갖고 있다.



미래에셋대우 측은 손실 상환 시 하락률이 큰 기초자산 해외주식을 실물로 지급하는 상품 구조 특성 상 기존 ELS 투자자와 해외 주식 직접 투자자간의 접점을 찾을 수 있는 상품이라는 점에서 높은 관심을 이끌어 냈다고 평가했다. 



청약 고객을 분석해 본 결과, 지수형 ELS에 비해 1인당 평균 청약금액(약 5000만원)이 많고, 해외 주식을 직접 투자한 경험이 있던 고객의 청약 비중(약 50%)이 높게 나타났다.



미래에셋대우는 4차 산업혁명을 주도하고 있는 글로벌 우량주식인 아마존, 엔비디아 등을 기초자산으로 하는 글로벌 ELS를 지난달 현재 누적 1300억원 발행했으며 연말까지 3000억원 판매를 목표로 하고 있다. 



김민주기자 stella2515@dt.co.kr",2018-10-01,736968,4345,미래에셋대우,"미래에셋대우, 해외주식 지급형 글로벌 ELS 만기 상환…수익률 15.63%","['디지털타임스', '미래에셋대우', '발행', '규모', '해외', '주식', '지급', '글로벌', '초고', '위험', '평균', '연', '수익률', '모두', '만기', '상환', '해외', '주식', '급', '주가', '계', '증권', '미래에셋대우', '업계', '최초', '출시', '상품', '만약', '손실', '확정', '더라도', '현금', '지급', '주식', '지급', '로써', '글로벌', '우량', '주식', '보유', '손실', '회복', '기회', '제공', '특징', '상품', '매월', '고정', '수익', '지급', '만기', '설정', '특징', '가지', '출시', '글로벌', '상품', '모두', '평균', '수익률', '만기', '상환', '기초자산', '아마존', '엔비디아', '해외', '종목', '조합', '사용', '첫', '모집', '한도', '모두', '판매', '미래에셋대우', '측은', '손실', '상환', '시', '하락', '기초자산', '해외', '주식', '실물', '지급', '상품', '구조', '특성', '투자자', '해외', '주식', '직접', '투자자', '간의', '접점', '상품', '관심', '평가', '청약', '고객', '분석', '결과', '지수', '평균', '청약', '금액', '해외', '주식', '직접', '투자', '경험', '고객', '청약', '미래에셋대우', '차', '산업혁명', '주도', '글로벌', '우량', '주식', '아마존', '엔비디아', '기초자산', '글로벌', '지난달', '누적', '발행', '연말', '판매', '목표', '김민주', '기자']","['미래에셋대우', '해외', '주식', '지급', '글로벌', '만기', '상환', '수익률']",경제,2
229,"['경제>증권_증시', '경제>국제경제', '경제>산업_기업']","2분기 영업익 22% 증가 
IB서 첫 영업익 1000억 돌파 
'세전 순이익 1조 달성' 청신호 
 
 
[ 오형주 기자 ] 미래에셋대우가 올해 상반기 사상 최대 실적을 올렸다. 해외투자 등 투자금융(IB)을 필두로 트레이딩, 이자 수익 등에서 고른 실적을 낸 덕분이다. 
 
미래에셋대우는 연결재무제표 기준 올해 2분기 매출 4조721억원, 영업이익 2130억원을 올렸다고 8일 발표했다. 영업이익은 전년 동기 대비 21.8%, 법인세 차감 전 순이익(세전순이익)은 3.3% 증가했다. 
 
상반기 합계로는 영업이익 4276억원, 세전순이익 4355억원으로 반기 기준 사상 최대 실적을 냈다. 당초 목표로 한 ‘올해 세전순이익 1조원 달성’에도 청신호가 켜졌다. 부문별 2분기 순영업이익을 살펴보면 IB는 1분기 대비 75.5% 증가한 1011억원으로 처음으로 1000억원을 돌파했다. 회사 측은 “올해 홍콩 더센터빌딩, 미국 가스복합발전소, 호주 석탄터미널 등 대규모 투자를 진행하면서 수수료 수입과 투자 수익이 대폭 늘었다”고 설명했다. 
 
트레이딩(고유투자 포함) 부문은 전분기보다 52.6% 늘어난 803억원의 순영업이익을 올렸다. 채권운용에서 선제적 포트폴리오 조정으로 양호한 성과를 거뒀고, 고유투자에서는 4차 산업혁명 관련 국내외 신성장기업 투자로 수익을 냈다. 
 
이자손익(배당 포함) 부문에서는 10.9% 늘어난 1216억원의 순영업이익을 기록했다. 해외부문에서 136억원을 올렸다. 글로벌 관련 투자·수수료·해외법인 수익이 전체 순영업이익에서 차지하는 비중은 지난해 19%에서 올해 상반기 27%로 높아졌다. 
 
미래에셋대우 관계자는 “런던, 인도, LA 법인이 올해 투자 포트폴리오를 새로 구성하면서 수익이 발생하기 시작했다”며 “브라질, 베트남, 인도네시아 등 나머지 해외법인도 현지에서 종합증권사로 영업 활동을 강화하고 있어 하반기 더 많은 수익을 낼 것”이라고 기대했다. 
 
오형주 기자 ohj@hankyung.com",2018-08-08,736914,5436,미래에셋대우,미래에셋대우 상반기 최대 실적,"['영업', '익', '증가', '첫', '영업', '익', '돌파', '순이익', '달성', '청', '신호', '미래에셋대우', '상반기', '사상', '실적', '해외', '투자', '투자', '금융', '필', '트레이딩', '이자', '수익', '실적', '덕분', '미래에셋대우', '연결', '재무제표', '매출', '영업', '이익', '발표', '영업', '이익', '동기', '법인세', '차감', '순이익', '순이익', '증가', '상반기', '합계', '영업', '이익', '순이익', '반기', '사상', '실적', '당초', '목표', '순이익', '달성', '청', '신호', '별', '순', '영업', '이익', '증가', '처', '음으로', '돌파', '회사', '측은', '홍콩', '센터', '빌딩', '미국', '가스', '복합', '발전소', '호주', '석탄', '터미널', '대규모', '투자', '진행', '수수료', '수입', '투자', '수익', '대폭', '트레이딩', '고유', '투자', '포함', '전분', '기보', '순', '영업', '이익', '채권', '운용', '선제', '포트폴리오', '조정', '양호', '성과', '고유', '투자', '차', '산업혁명', '국내외', '신성장', '기업', '투자', '수익', '이자', '손익', '배당', '포함', '순', '영업', '이익', '해외', '글로벌', '투자', '수수료', '해외', '법인', '수익', '순', '영업', '이익', '차', '상반기', '미래에셋대우', '런던', '인도', '법인', '투자', '포트폴리오', '구', '성하', '수익', '시작', '브라질', '베트남', '인도네시아', '나머지', '해외', '법인', '종합', '증권사', '영업', '활동', '수익', '낼']","['미래에셋대우', '상반기', '실적']",경제,7
323,['경제>취업_창업'],"[ 오형주 기자 ] 미래에셋대우가 올해 300명을 새로 채용할 예정이라고 25일 발표했다. 지난해보다 100여 명 늘어난 규모다. 
 
미래에셋대우는 올 상반기에 신입사원과 전문경력직, 시간선택 유연근무제 경력직 등 150명을 뽑았다. 하반기에는 투자은행(IB)과 디지털, 글로벌 분야 등을 중심으로 전문인력을 채용할 계획이다. 미래에셋대우 관계자는 “신입사원 공채와 함께 채용전환형 인턴, 전문경력직 등 다양한 경로로 인력을 충원할 예정”이라고 말했다. 채용이 마무리되면 미래에셋대우 임직원은 4700명 수준으로 늘어날 전망이다. 
 
오형주 기자 ohj@hankyung.com",2018-05-25,736839,7262,미래에셋대우,"미래에셋대우, 올해 300명 채용","['미래에셋대우', '채용', '발표', '여', '규모', '미래에셋대우', '상반기', '신입사원', '전문경', '력직', '시간', '선택', '유연근무제', '경력', '직', '투자', '은행', '과', '디지털', '글로벌', '분야', '중심', '전문', '인력', '채용', '계획', '미래에셋대우', '신입사원', '공채', '채용', '전환', '인턴', '전문경', '력직', '다양', '경로', '인력', '충', '채용', '마무리', '미래에셋대우', '임직원', '전망']","['미래에셋대우', '채용']",경제,21
347,"['경제>증권_증시', '경제>산업_기업', '경제>취업_창업']","1분기 2,007억원… 2007년 1분기 이후 최대 실적
위탁매매ㆍ투자금융ㆍ자산관리 등 고른 성장


미래에셋대우가 1분기 당기순이익 2,000억원을 달성했다. 미래에셋대우의 순이익이 2,000억원을 넘은 것은 2007년 1분기 이후 11년 만이다.
미래에셋대우는 연결기준 1분기 당기순이익이 전년 동기 대비 82.2% 증가한 2,007억원으로 집계됐다고 10일 공시했다. 같은 기간 영업이익은 49.6% 늘어난 2,146억원을 기록했다. 
분기 기준 영업이익과 당기순이익이 2,000억원을 넘어선 것은 대우증권과 미래에셋증권 합병(2016년 말) 전인 2007년 1분기 이후 처음이다. 당시 대우증권의 영업이익과 순이익은 각각 2,506억원, 2,088억원이었고 미래에셋증권도 영업이익 460억원, 순이익 344억원을 기록했다.
부문별로는 위탁매매 부문의 순영업수익(매출액)이 전년 동기 대비 84% 증가한 1,531억원을 기록했으며 자산관리 부문 수익도 같은 기간 14% 늘어난 604억원으로 집계됐다. 증권 예탁자산이 144조원으로 전분기 대비 10조3,000억원 늘어나고 자산관리(WM) 상품의 잔고도 2조8,000억원 증가한 114조2,000억원을 기록했다. 배당금 등 이자수익과 투자금융(IB) 부문 수익도 전년 동기 대비 각각 74%, 52% 증가했다.
미래에셋대우 관계자는 “지난해부터 합병 시너지 효과가 전 부문에 걸쳐 나타나기 시작하면서 부문별로 고른 성장세를 보이고 있다”며 “뉴욕 현지법인이 올해 1분기 흑자전환에 성공하는 등 해외 현지법인의 실적도 개선되고 있다”고 설명했다.
박세인 기자 sane@hankookilbo.com",2018-05-10,736824,7667,미래에셋대우,미래에셋대우 11년 만에 ‘분기 순익 2000억원’ 돌파,"['실적', '위탁', '매매', '투자', '금융', '자산', '성장', '미래에셋대우', '순이익', '달성', '미래에셋대우', '순이익', '미래에셋대우', '연결', '순이익', '동기', '증가', '공시', '기간', '영업', '이익', '영업', '이익', '순이익', '어선', '대우', '증권', '증권', '합병', '전인', '처음', '당시', '대우', '증권', '영업', '이익', '순이익', '증권', '영업', '이익', '순이익', '별로', '위탁', '매매', '순', '영업', '수익', '매출', '동기', '증가', '자산', '수익', '기간', '증권', '예', '탁자', '산이', '전분', '자산', '상품', '잔고', '증가', '배당금', '이자', '수익', '투자', '금융', '수익', '동기', '증가', '미래에셋대우', '합병', '시너지', '나기', '시작', '별로', '성장', '보이', '뉴욕', '법인', '흑자', '전환', '성공', '해외', '법인', '실적']","['미래에셋대우', '순익', '돌파']",경제,6
368,"['경제>금융_재테크', '경제>국제경제', '경제>산업_기업']","미래에셋대우가 단일 부동산 거래로 세계 최대 규모(약 5조5000억 원)인 홍콩 ‘더센터’ 빌딩 인수에 참여한다. 
 
 미래에셋대우는 싱가포르투자청(GIC) 등 기관들과 함께 더센터 빌딩 투자자로 선정됐다고 26일 밝혔다. 
 
 더센터 빌딩은 홍콩의 핵심 업무지구인 센트럴에 있다. 이곳은 지난해 평균 사무실 거래 가격이 m²당 1억9000만 원을 웃돌아 ‘세계에서 가장 비싼 오피스 빌딩 시장’으로 알려졌다. 
 
 더센터 빌딩은 홍콩 최대 부호인 리카싱 청쿵그룹 회장 소유로 매각 대금만 51억 달러(약 5조5000억 원)에 달한다. 최종 투자자로 선정된 업체들은 매각 대금 중 80%를 선순위 담보부채권 발행을 통해 조달한다. 
 
 국내에서는 미래에셋대우가 유일하게 최종 투자자로 선정됐다. 미래에셋대우는 기본 금리가 연 7.5%이고 1년 이후에는 연 12.5% 금리를 주는 채권(1년 6개월 만기)에 투자하는 방법으로 인수에 참여한다. 미래에셋대우 본사와 홍콩, 런던 현지법인을 통해 총 3억 달러(약 3200억 원)를 투자하기로 했다. 
 
 미래에셋대우 관계자는 “이번 투자를 통해 세계 부동산 시장의 주요 투자자 중 하나로 발돋움할 수 있을 것으로 기대한다”고 말했다. 
 
김성모 기자 mo@donga.com",2018-04-27,736811,8163,미래에셋대우,5조원대 홍콩빌딩 인수에 미래에셋대우 3200억 투자,"['미래에셋대우', '단일', '부동산', '거래', '세계', '규모', '조억', '인', '홍콩', '센터', '빌딩', '미래에셋대우', '싱가포르투자청', '기관', '센터', '빌딩', '투자자', '선정', '센터', '빌딩', '홍콩', '핵심', '업무지구', '센트럴', '곳', '평균', '사무실', '거래', '가격', '당', '억만', '웃', '세계', '가장', '오피스', '빌딩', '시장', '센터', '빌딩', '홍콩', '부호', '리카싱', '청쿵', '그룹', '회장', '소유', '매각', '대금', '조억', '최종', '투자자', '선정', '업체', '매각', '대금', '순위', '담보', '부채', '권', '발행', '조달', '국내', '미래에셋대우', '유일하', '최종', '투자자', '선정', '미래에셋대우', '기본', '금리', '연', '연', '금리', '채권', '만기', '투', '자하', '방법', '미래에셋대우', '본사', '홍콩', '런던', '법인', '투자', '미래에셋대우', '투자', '세계', '부동산', '시장', '투자자', '하나로', '발돋움']","['홍콩', '빌딩', '미래에셋대우', '투자']",경제,11
383,['경제>경제일반'],"삼성증권은 19일 미래에셋대우에 대해 자사주 소각 결정은 긍정적이지만 주주가치 증대에 미치는 영향은 제한적일 것이라고 분석했다. 투자의견은 '매수', 목표주가는 1만2000원을 유지했다.
미래에셋대우는 전날 18일 자사주 취득 및 소각을 결정했다. 취득예정주식수는 보통주 800만주로 예상규모는 17일 종가(9010원) 기준 721억원이다. 취득 기간은 이날부터 오는 7월18일까지로, 취득 완료 후 800만주 모두 이익소각 방식으로 소각할 예정이다.
장효선 삼성증권 연구원은 ""이번 자사주 소각을 재무적인 관점에서만 접근하면, 소각 물량이 보통주 유통주식수의 1.44%, 일평균 거래대금의 4.24배에 불과해 실질적인 주주가치 증대에 미치는 영향은 제한적일 것""이라고 말했다.
그럼에도 주주환원을 위한 미래에셋대우의 노력 자체는 인정될 필요가 있다고 진단했다. 특히 올해 초 단행한 7000억원 규모 유상증자에서 최대주주 실권으로 인해 시장에서 제기된 의구심을 불식하려는 구체적인 노력이 확인됐고, 사측에서도 향후 추가적인 주주환원 검토를 약속한 만큼 자사주 소각이 일회성 이벤트가 아니라 향후 배당성향 증대 등 다양한 주주환원 시도들을 예상할 수 있다는 설명이다. 
장 연구원은 ""아울러 미래에셋대우는 폭발적으로 증가하는 증시 유동성의 대표적인 수혜주이고 최근 중국 최대 차량공유 업체인 디디추싱에 2800억원을 지분 투자하는 등 기존 증권업의 테두리를 벗어나 4차산업혁명에 적극적으로 참여하는 모습을 보이고 있다""면서 ""따라서 이번 자사주 소각에 대한 득실만을 논하기 보다는 국내 증권업종 내에서 미래에셋대우가 차지하는 위치와 발전 가능성 등을 감안해 중장기적으로 관심을 가져야 할 필요가 있다""고 조언했다.
[디지털뉴스국 김경택 기자]",2018-04-19,736803,8421,미래에셋대우,"[Hot-Line] ""미래에셋대우, 자사주 소각 결정 긍정적…중장기적 관심""","['삼성', '증권', '미래에셋대우', '자사', '소각', '결정', '긍정적', '주주', '가치', '증대', '제한', '적일', '분석', '투자', '의견', '매수', '목표', '주가', '미래에셋대우', '전날', '자사', '취득', '소각', '결정', '취득', '예', '정주', '식수', '보통주', '만주', '규모', '종가', '취득', '기간', '날', '취득', '완료', '만주', '모두', '이익', '소각', '방식', '소각', '장효선', '삼성', '증권', '연구원', '자사', '소각', '재', '무적인', '관점', '접근', '소각', '물량', '보통주', '유통', '주식', '수의', '평균', '거래', '대금', '불과', '실', '질적', '주주', '가치', '증대', '제한', '적일', '주주', '환원', '미래에셋대우', '노력', '자체', '인정', '필요', '진단', '초', '단행', '규모', '유상증자', '주주', '실권', '시장', '제기', '구심', '불', '구', '노력', '확인', '서도', '주주', '환원', '검토', '약속', '만큼', '자사', '소각', '이벤트', '배당', '성향', '증대', '다양', '주주', '환원', '시도', '연구원', '미래에셋대우', '폭발', '증가', '증시', '유동성', '표적', '수혜주', '중국', '차량', '공유', '업체', '디디', '추싱', '지분', '투', '자하', '증권', '업', '테두리', '차', '산업혁명', '극적', '보이', '따라서', '자사', '소각', '득실', '논', '국내', '증권', '업종', '미래에셋대우', '차', '위치', '발전', '가능성', '감안', '장기적', '관심', '필요', '조언', '디지털', '뉴스', '국']","['미래에셋대우', '자사', '소각', '결정', '긍정적', '장기적', '관심']",경제,13
449,"['국제>아시아', '경제>산업_기업', '경제>국제경제']","미래에셋대우가 지난달 28일 인도 뭄바이에서 인도현지법인 개업식을 진행했다고 1일 밝혔다.

이날 행사에 사미르 파틸 봄베이증권거래소(BSE) 부이사장과 사친 와글레 인도 모건스탠리 대표, 나라야난 사다난단 SBI 캐피탈마켓 부사장, 김성은 주뭄바이 한국 총영사, 최현만 미래에셋대우 수석부회장 등 내·외빈 50여 명이 참석했다.

미래에셋대우 인도현지법인은 현지 유망 기업 투자를 통한 IB(투자은행) 비즈니스를 실시할 예정이다. 또 현지 주식과 채권 트레이딩을 통한 안정적 수익 기반을 마련하는데 집중할 계획이다. 중장기적으로 국내외 기관을 대상으로 한국계 최초의 인도 주식 브로커리지(위탁매매) 증권사도 구축할 계획이다.

미래에셋그룹은 국내외 투자를 활성화하기 위해 해외 네트워크를 지속적으로 확장하고 있다. 

최현만 미래에셋대우 수석부회장은 ""국내 증권사 최초로 인도 자본시장에 진출했다""며 ""앞으로 적극적인 투자와 현지화를 통해 성공적인 해외현지법인이 될 수 있도록 노력할 것""이라고 말했다.

미래에셋대우는 지난해 10월 인도 현지법인을 설립했고 11월 봄베이증권거래소로부터 멤버십을 취득, 올 1월 인도증권거래위원회로부터 브로커리지 라이선스(면허)를 취득하는 등 영업 개시를 위한 준비 작업을 진행해왔다.

이에 앞서 미래에셋자산운용 인도법인은 2006년에 설립된 후 현재 80만명의 고객과 운용자산 약 3조7000억원을 확보하며 인도시장에 성공적으로 정착했다.

미래에셋대우는 이번 인도 진출로 홍콩을 비롯해 런던, 로스앤젤레스, 뉴욕, 브라질, 베트남, 인도네시아 등 11개의 해외 현지법인과 베이징, 상하이 등 3개 사무소를 포함, 총 14개의 해외 거점을 보유하게 됐다.


전병윤 기자 byjeon@mt.co.kr",2018-03-01,736754,9352,미래에셋대우,"미래에셋대우, 인도현지법인 개업 ""인도시장 본격 공략""","['미래에셋대우', '지난달', '인도', '뭄바이', '인', '도현', '지법', '개업', '식', '진행', '날', '행사', '사미', '르', '파틸', '봄베이', '증권', '거래소', '부', '이사장', '친', '와글', '레', '인도', '모건스탠리', '대표', '나라야난', '다난', '단', '캐피탈', '마켓', '부사', '김성은', '뭄바이', '총영사', '최현', '미래에셋대우', '수석', '부회장', '외빈', '여', '참석', '미래에셋대우', '인', '도현', '지법', '유망', '기업', '투자', '통한', '투자', '은행', '비즈니스', '실시', '또', '주식', '채권', '트레이딩', '통한', '안정', '수익', '기반', '마련', '집중', '계획', '장기적', '국내외', '기관', '계', '최초', '인도', '주식', '브로커', '리지', '위탁', '매매', '증권사', '구축', '계획', '그룹', '국내외', '투자', '활성화', '해외', '네트워크', '확장', '최현', '미래에셋대우', '수석', '부회장', '국내', '증권사', '최초', '인도', '자본시장', '진출', '앞', '극적', '투자', '지화', '공적', '해외', '법인', '도록', '노력', '미래에셋대우', '인도', '법인', '설립', '봄베이', '증권', '거래소', '멤버십', '취득', '인도', '증권', '거래', '위원회', '브로커', '리지', '라이선스', '면허', '취득', '영업', '개시', '준비', '작업', '진행', '앞서', '자산운용', '인', '도법인', '설립', '만', '명의', '고객', '운용', '자산', '확보', '인도', '시장', '공적', '정착', '미래에셋대우', '인도', '진출', '홍콩', '비롯', '런던', '로스앤젤레스', '뉴욕', '브라질', '베트남', '인도네시아', '해외', '법인', '베이징', '상하이', '사무소', '포함', '해외', '거점', '보', '유하']","['미래에셋대우', '인', '도현', '지법', '개업', '인도', '시장', '본격', '공략']",경제,9
454,"['경제>증권_증시', '경제>산업_기업', '경제>금융_재테크']","미래에셋대우가 7000억원 규모의 유상증자를 마무리했다. 이로써 미래에셋대우는 증권업계 최초로 자기자본 8조원을 달성하며 IB(투자은행) 강화와 글로벌 진출을 강화할 것으로 보인다. 

미래에셋대우는 27일 1억4000만주에 대한 배당우선주 유상증자 청약을 실시한 결과 1억2558만1311주가 신청해 청약률 90%를 기록했다고 밝혔다. 나머지 700억원 규모의 실권주는 대표주관사인 삼성증권과 KB증권이 인수한다. 

앞서 미래에셋대우는 지난 21일 전체 물량의 20%인 2800주를 우리사주조합에 배정했고 나머지는 기존 주주를 대상으로 청약을 받았다. 우리사주는 배정 물량 전액 청약했으나 구주주의 경우 미래에셋캐피탈과 네이버 등 주요 주주들의 참여 부진 등으로 실권주(4812만3269주)가 발생하면서 일반 청약을 진행했다. 

이번 배당우선주는 최소배당률 2.7%(2019년 이후 2.4%)를 보장받고 추가 배당과 주가상승 차익을 노릴 수 있다. 신주는 오는 3월14일 '미래에셋대우 2우'로 상장된다. 

미래에셋대우는 이번 유상증자를 통해 확보한 자금과 업계 최대 자기자본을 발판 삼아 국내외 부동산과 IB거래 등 투자 사업을 확대하고 해외 법인 증자 등을 추진할 방침이다. 

유상증자가 마무리되면 미래에셋대우의 자기자본은 8조원대로 뛰어오르게 된다.

미래에셋대우 관계자는 ""증권업계 최초로 8조원 이상의 자기자본을 달성하면 약 5조원 이상의 추가 투자 여력을 확보할 수 있다""며 ""올해 연결 세전이익 1조원 달성에 도전할 것""이라고 말했다.


전병윤 기자 byjeon@mt.co.kr",2018-02-27,736752,9382,미래에셋대우,"미래에셋대우, 7000억 유상증자 마무리…자기자본 8조 달성","['미래에셋대우', '규모', '유상증자', '마무리', '이로', '미래에셋대우', '증권', '업계', '성하', '투자', '은행', '글로벌', '진출', '미래에셋대우', '만주', '배당', '우선주', '유상증자', '청약', '실시', '결과', '억만', '주가', '신청', '청약', '나머지', '규모', '실권', '대표', '주관사', '삼성', '증권', '증권', '앞서', '미래에셋대우', '물량', '인', '우리', '사주', '조합', '배정', '나머지', '주주', '청약', '우리', '사주', '배정', '물량', '전액', '청약', '구주', '주의', '캐피탈', '네이버', '주주', '부진', '실권', '만주', '일반', '청약', '진행', '배당', '우선주', '최소', '배당률', '보장', '배당', '주가', '차익', '신주', '미래에셋대우', '상장', '미래에셋대우', '유상증자', '확보', '자금', '업계', '발판', '국내외', '부동산', '거래', '투자', '사업', '해외', '법인', '증자', '추진', '방침', '유상증자', '마무리', '미래에셋대우', '증권', '업계', '최초', '성하', '투자', '여력', '확보', '연결', '전이', '익', '달성', '도전']","['미래에셋대우', '유상증자', '마무리', '자기', '자본', '달성']",경제,15
14,"['경제>국제경제', '경제>산업_기업', 'IT_과학>IT_과학일반']","미래에셋대우는 투자 성향에 따라 '혁신성장형'과 '인컴형'의 포트폴리오 전략을 선택할 수 있는 '글로벌(Global) X 포트폴리오 자문형랩'을 출시했다고 15일 밝혔다. 
혁신성장 포트폴리오는 인공지능, 핀테크, 로봇 등 현재 사회에 구조적인 변화를 일으키고 이에 수혜를 받을 수 있는 ETF에 주로 투자한다. 
인컴 포트폴리오는 고배당, 우선주, 신흥국채권, 미국의 에너지 인프라 기업에 집중 투자해 인센티브를 받는 MLP 등 다양한 형태로 분배금을 주는 ETF에 주로 투자한다. 
투자대상은 국내외의 ETF이며 유동성, 자산규모 등 자체 기준에 따라 선별된 우량 ETF로 포트폴리오를 구성한다. 또 라인업 된 2가지 포트폴리오 간에는 유선상 유형변경이 가능해 시장상황에 따라 유연하게 대응할 수 있다.
미국 뉴욕에 본사를 두고 있는 Global X는 테마형 ETF 뿐만 아니라 인컴(Income)형 ETF에 강점을 두고 있는 ETF 전문 운용사다. 특히 존 메이어 CIO가 미래에셋자산운용과 직접 협업해 국내 투자자들에게 적합한 ETF 포트폴리오를 제시한다. 그는 UBS와 메릴린치에서 일하며 일명 '메이어 모델'이라고 불리는 ETF 모델 포트폴리오를 통해 8년간 자산을 400억 달러까지 키운 바 있다. 
민경부 미래에셋대우 WM총괄 부사장은 ""이번에 출시한 Global X 포트폴리오 자문형랩은 Global X의 혁신적이고 차별화된 ETF와 한국과 홍콩, 캐나다와 호주, 미국, 중남미를 잇는 미래에셋의 글로벌 ETF네트워크가 결합해 높은 시너지를 낼 것으로 기대하고 있다""며 ""투자 성향에 따라 성장형 & 인컴형 전략 선택이 가능한 만큼 랩어카운트 계약으로 여러 가지의 ETF에 투자해 더 손쉽게 분산투자가 가능한 것이 장점""이라고 말했다.
'Global X 포트폴리오 자문형랩'의 가입금액은 2000만원 이상이며 중도입출금과 중도해지가 가능하다. 자세한 사항은 미래에셋대우 영업점과 고객센터를 통해 문의하면 된다. 
[디지털뉴스국 한경우 기자]",2019-04-15,737164,128,미래에셋대우,"미래에셋대우, 전략 선택 가능한 `Global X 포트폴리오 자문형랩` 출시","['미래에셋대우', '투자', '성향', '혁', '신성장', '과', '인컴', '포트폴리오', '전략', '선택', '글로벌', '포트폴리오', '자문형랩', '출시', '혁', '신성장', '포트폴리오', '인공지능', '핀테크', '로봇', '사회', '구', '조적', '변화', '수혜', '주로', '투자', '인컴', '포트폴리오', '고배', '당', '우선주', '신흥', '국채', '권', '미국', '에너지', '인프라', '기업', '집중', '투자', '인', '센티', '브', '다양', '형태', '분배', '금', '주로', '투자', '투자', '국내외', '유동성', '자산', '규모', '자체', '선별', '우량', '포트폴리오', '구성', '또', '라인업', '가지', '포트폴리오', '유선', '유형', '변경', '시장', '연하', '대응', '미국', '뉴욕', '본사', '테마', '뿐', '인컴', '강점', '전문', '운용사', '존', '메이어', '자산운용', '직접', '협업', '국내', '투자자', '적합', '포트폴리오', '메릴린치', '일명', '메이어', '모델', '불리', '모델', '포트폴리오', '자산', '민경부', '미래에셋대우', '총괄', '부', '사장', '출시', '포트폴리오', '자문형랩', '혁신', '차별', '홍콩', '캐나다', '호주', '미국', '중남미', '글로벌', '네트워크', '결', '시너지', '낼', '투자', '성향', '성장', '인컴', '전략', '선택', '만큼', '랩', '카운트', '계약', '여러', '가지', '투자', '분산', '투자가', '장점', '포트폴리오', '자문형랩', '가입', '금액', '중도', '입출금', '중도', '해지', '자세', '사항', '미래에셋대우', '영업점', '고객', '센터', '문의', '디지털', '뉴스', '국']","['미래에셋대우', '전략', '선택', '포트폴리오', '자문형랩', '출시']",IT_과학,-1
65,"['IT_과학>인터넷_SNS', 'IT_과학>콘텐츠']","미래에셋대우가 국내 증권사 최초로 전자투표 시스템인 '플랫폼 V' 오픈을 기념해 상장사들을 대상으로 오는 25일 설명회를 개최한다고 19일 밝혔다. 플랫폼 V는 저조한 참여율 등 전자투표의 문제점을 보완하고, 섀도우보팅 폐지로 인해 어려움을 겪고 있는 상장사에 큰 도움이 될 것으로 예상된다.



플랫폼 V는 증권사의 고객 서비스 차원에서 제공되는 SMS, 카카오톡을 통한 주주총회 안내, 알림 서비스를 제공한다.



회사는 홈트레이딩시스템(HTS)과 모바일트레이딩시스템(MTS)과의 연계 시스템 등을 통해 주주 참여율을 높일 수 있을 것으로 보고 있다.



미래에셋대우 관계자는 ""플랫폼 V는 주주들의 의결권 행사가 절실한 기업에 의결 정족수 확보라는 상장사의 본질적인 문제를 해결해 줄 수 있는 솔루션을 제공하는 것이 목표""라며 ""감사선임 등 주주총회 성립이 꼭 필요한 상장사의 경우 온라인뿐 아니라 오프라인 지점망을 통해서도 전자투표와 위임장 독려 등에 큰 도움을 줄 수 있을 것""이라고 말했다.한편 이번 설명회는 미래에셋대우 여의도 사옥 지하 컨퍼런스 홀에서 25일 오후 2시에서 4시까지 진행되며, 참석을 희망하는 회사는 플랫폼 V 홈페이지에 공지된 연락처를 통해 유선 신청하거나 이메일을 통해 신청할 수 있다.



김민주기자 stella2515@",2019-02-20,737110,1139,미래에셋대우,"미래에셋대우, 25일 전자투표 시스템 `플랫폼 V` 설명회","['미래에셋대우', '국내', '증권사', '최초', '투표', '시스템', '플랫폼', '오픈', '기념', '상장사', '개최', '플랫폼', '저조', '투표', '문제점', '보완', '섀도우', '보팅', '폐지', '어려움', '상장사', '도움', '플랫폼', '증권사', '고객', '서비스', '차원', '제공', '카카오', '톡', '통한', '주주총회', '안내', '알림', '서비스', '제공', '회사', '홈', '트레이딩', '시스템', '과', '모바일', '트레이딩', '시스템', '계', '시스템', '주주', '보고', '미래에셋대우', '플랫폼', '주주', '의결권', '행사', '절실', '기업', '의결', '정족수', '확보', '상장사', '질적', '문제', '해결', '줄', '솔루션', '제공', '목표', '감사', '선임', '주주총회', '성립', '꼭', '필요', '상장사', '온라인', '뿐', '오프라인', '지점', '망', '서도', '투표', '위임장', '독려', '도움', '줄', '미래에셋대우', '여의도', '사옥', '컨퍼런스', '홀', '오후', '진행', '참석', '희망', '회사', '플랫폼', '홈페이지', '공지', '연락처', '유선', '신청', '거나', '이메일', '신청', '김민주', '기자']","['미래에셋대우', '투표', '시스템', '플랫폼']",IT_과학,4
173,"['IT_과학>인터넷_SNS', 'IT_과학>과학', 'IT_과학>콘텐츠']","[디지털타임스 김민주 기자] 미래에셋대우는 지난 25일 '미래에셋 핀테크 파트너십 프로그램 1기 성과 발표회'를 성황리에 마쳤다고 29일 밝혔다. 



미래에셋 핀테크 파트너십 프로그램은 미래에셋대우가 디지털 혁신 과제를 제시하고 이를 해결할 수 있는 핀테크 또는 신기술 보유 기업을 선정해 과제를 수행하는 것으로 지난 3개월간 미래에셋대우와 함께 과제를 수행한 스타트업 3개사가 성과를 발표했다.



'자이냅스'는 인공지능을 기반으로 업무에 필요한 뉴스를 추천해주는 뉴스 큐레이션 서비스를, '베이글 소프트'와 '파워보이스'는 목소리를 이용한 본인 인증을 통해 금융 서비스를 이용할 수 있는 '화자인증' 서비스를 발표하고 베타 서비스를 시연했다.



미래에셋대우는 이날 발표된 서비스를 2개월간 테스트 한 후 상용화를 검토할 예정이며 이들 기업들이 성장할 수 있도록 계속 지원할 계획이다. 향후 핀테크 파트너십을 확대해 긴밀한 교류와 협력이 가능한 액셀러레이터의 역할을 강화할 계획이다.



한편, 미래에셋대우는 지난 6월 '미래에셋 디지털 혁신 플랫폼'을 출범하고 핀테크 허브 제휴 기관들과 핀테크 동향을 공유하고 핀테크 기업들의 투자 유치와 글로벌 진출을 지원하는 등 핀테크 기업들과의 파트너십을 확대하고 있다. 



김민주기자 stella2515@dt.co.kr",2018-10-29,736996,3774,미래에셋대우,"미래에셋대우, `핀테크 파트너십 프로그램 1기 성과 발표회’ 성황리 마쳐","['디지털타임스', '미래에셋대우', '핀테크', '파트너', '십', '프로그램', '성과', '발표회', '성황리', '핀테크', '파트너', '십', '프로그램', '미래에셋대우', '디지털', '혁신', '과제', '해결', '핀테크', '신기', '술', '보유', '기업', '선정', '과제', '수행', '월간', '미래에셋대우', '과제', '수행', '스타트업', '개사', '성과', '발표', '자이냅스', '인공지능', '기반', '업무', '필요', '뉴스', '추천', '해주', '뉴스', '큐레이션', '서비스', '베이글', '소프트', '파워', '보이스', '목소리', '이용', '본인', '인증', '금융', '서비스', '이용', '자인', '증', '서비스', '발표', '베타', '서비스', '시연', '미래에셋대우', '날', '발표', '서비스', '월간', '테스트', '상용', '검토', '기업', '성장', '도록', '지원', '계획', '핀테크', '파트너', '십', '긴밀', '교류', '협력', '셀러', '레이', '터', '역할', '계획', '미래에셋대우', '디지털', '혁신', '플랫폼', '출범', '핀테크', '허브', '제휴', '기관', '핀테크', '동향', '공유', '핀테크', '기업', '투자', '유치', '글로벌', '진출', '지원', '핀테크', '기업', '파트너', '십', '김민주', '기자']","['미래에셋대우', '핀테크', '파트너', '십', '프로그램', '성과', '발표회', '성황리']",IT_과학,3
214,"['IT_과학>인터넷_SNS', '경제>증권_증시', '경제>산업_기업']","◆ 선도 증권사가 뛴다 ◆
 국내 대표 증권사인 미래에셋대우가 업계 최초로 해외 주식자산 5조원을 돌파했다. 최근 투자자들이 도널드 트럼프발 무역전쟁 우려와 미 달러화 강세 등으로 국내에서 해외로 눈을 돌리는 가운데 남들보다 한발 앞서 해외 주식투자 전담 조직을 구축하고 투자 시스템을 마련한 덕분이다. 매 분기 글로벌브로커리지(GBK) 포럼을 개최해 모든 영업직원에게 해외 주식 추천종목과 투자 포인트, 미래에셋대우만의 투자 철학을 전파하고 있다는 점 또한 미래에셋대우의 경쟁력 강화 비결이다.
최근 국내 증시가 지지부진한 반면 미국 증시는 무역분쟁 우려에도 연일 사상 최고가를 새로 쓰면서 국내외 주식시장 온도 차가 커지고 있다. 이 때문에 투자자 관심도 점차 국내에서 해외로 옮겨가고 있다. 예탁결제원에 따르면 올 들어 지난 26일까지 국내 투자자들의 해외 주식 거래대금은 206억1185만달러(약 23조원)로 지난해 같은 기간 거래대금(130억3350만달러, 약 14조5800억원) 대비 58.11% 증가한 것으로 집계됐다.
해외 주식투자에 대한 투자자 관심이 커지면서 미래에셋대우의 해외 주식자산 또한 올 들어 2조3000억원 이상 늘어났다. 지난 6월 말 기준 미래에셋대우의 해외 주식자산은 5조3000억여 원에 달했다. 이러한 급성장의 배경에는 우수한 해외 주식투자 콘텐츠와 국내 주식투자에 버금가는 해외 주식투자 시스템, 미래에셋대우만의 투자철학 등이 있다. 특히 국내는 물론 해외까지 아우르는 글로벌 브로커리지 영업 지원, 서비스 조직인 글로벌주식본부를 통해 고객 연령별·목적별 투자 수요를 충족시키며 고객의 안정적인 수익 창출에 기여하고 있다.
글로벌주식본부의 핵심 경쟁력은 해외 주식투자와 관련 고객 컨설팅을 전담하고 있는 글로벌주식컨설팅팀에서 시작된다. 글로벌주식컨설팅팀은 미래에셋대우 리서치센터, 글로벌 네트워크 등과 협업해 해외 주식투자 콘텐츠를 제공하고 있다. 'Global Great Companies 5선'과 '중국 대표기업 소개 30선' 등이 대표적인 글로벌 리서치 자료로, 지난해 미래에셋대우가 추천한 해외 주식 포트폴리오 평균 수익률은 57.8%를 기록했다. 또한 추천 종목 43개 가운데 7개 종목이 2배 이상 상승하는 성과를 보였다.
올해도 이 팀은 아마존과 넷플릭스, 엔비디아 등 22개 종목으로 해외 주식 포트폴리오를 구축했고 항서제약과 귀주모태주, 상해국제공항 등 13개 종목으로 중국 주식 포트폴리오를 마련했다. 이 중 해외 주식 포트폴리오의 연초 대비 평균 수익률은 지난 1일 기준 16.6%로 같은 기간 미국 나스닥(11.6%)이나 코스피(-6.5%) 수익률과 비교하면 좋은 성과를 보이고 있다.
김을규 미래에셋대우 글로벌주식본부장은 ""글로벌 주식시장을 국내와 해외를 아우르는 '원마켓'으로 보고 특정 국가보다 신성장 산업군과 유망 종목에 초점을 맞출 때""라며 ""4차 산업혁명과 관련한 미국의 혁신기업 또는 중국 내수시장 확대로 인해 수혜를 받을 기업에 관심을 둘 것을 추천한다""고 말했다.
미래에셋대우는 시스템 측면에서도 해외 주식투자 1위 증권사답게 최고 수준의 서비스를 제공하고 있다. 가장 주목할 만한 서비스는 해외 주식을 국내처럼 매매할 수 있는 통합증거금 서비스다. 일반적으로 해외 주식투자는 해당 국가 통화를 환전한 이후 투자가 가능하지만 미래에셋대우에서는 해외 주식도 환전 없이 매수할 수 있다. 현재까지는 국내 주식을 매도한 자금으로 해외 주식을 매수하는 것만 가능하지만 곧 중국 주식을 매도한 당일 미국 주식을 매수하는 것과 같이 글로벌 시장을 하나의 국가처럼 투자할 수 있는 서비스 또한 선보일 예정이다.
앞서 지난 4월에는 업계 최초로 독일 영국 캐나다 주식의 온라인 재매매 서비스를 오픈하기도 했다. 독일 영국 캐나다 주식은 국내 주식 거래와 달리 매수종목을 매도하려면 매수일로부터 3~4일을 기다려야 한다. 
하지만 온라인 재매매 서비스를 통해 매수 당일에도 매도할 수 있고, 반대로 당일 매도한 주식대금으로 다른 주식을 바로 매수할 수 있게 됐다. 미래에셋대우는 미국 중국 홍콩 일본 베트남 인도네시아 독일 영국 캐나다 등 총 9개국 온라인 주식매매 서비를 제공하고 있으며 온·오프라인을 기준으로 총 33개국에 대한 해외 주식 거래가 가능하다.
 아울러 미래에셋대우는 글로벌 브로커리지 부문에서 업계 최고 역량을 유지하기 위해 노력하고 있다. 주식투자 역량이 뛰어난 직원들을 지점별 마켓리더로 선발하고 연간 6회에 걸친 정기 간담회를 통해 본사 리서치 투자정보를 지점과 공유하고 있다. 2017년부터는 100시간 이상의 집합교육과 선진 해외기업 탐방 등으로 구성된 글로벌 주식전문가 과정을 연간 4회 운영하고 있다. 지난 2월에는 WM센터 직원 30여 명이 중국 알리바바 본사를 방문해 기업문화와 전자상거래 플랫폼, 온·오프라인 물류, 클라우드 빅데이터 플랫폼 등 4차 산업의 미래에 대해 배우고 왔다. 이 밖에 직원을 선발해 해외 체류·연수 프로그램을 도입하는 등 글로벌 인재 육성에도 앞장서고 있다.
박현주 미래에셋그룹 회장은 올해 임직원들에게 보낸 신년사에서 글로벌 투자은행(IB)으로 도약할 것을 다짐한 바 있다. 또한 'For the Client'에 부합하는 자산이라면 국내외를 막론하고 고객들에게 제공하겠다는 방침을 밝혔다. 미래에셋대우는 앞으로도 자사 플랫폼을 통해 글로벌 우량자산을 고객들에게 지속적으로 제공하고 주주친화정책 역시 적극적으로 시행할 예정이다. 
[박윤구 기자]",2018-08-29,736935,4909,미래에셋대우,"미래에셋대우, 막강한 글로벌투자 컨설팅…해외주식 자산 5조 돌파","['선도', '증권사', '국내', '대표', '증권사', '미래에셋대우', '업계', '최초', '해외', '주식', '자산', '돌파', '투자자', '도널드', '트럼프', '발', '무역', '전쟁', '우려', '달러화', '강세', '국내', '해외', '눈', '가운데', '남', '들보', '앞서', '해외', '주식', '투자', '전담', '조직', '구축', '투자', '시스템', '마련', '덕분', '매', '글로벌', '브로커', '리지', '포럼', '개최', '모든', '영업직', '해외', '주식', '추천', '종목', '투자', '포인트', '미래에셋대우', '투자', '철학', '전파', '미래에셋대우', '경쟁력', '비결', '국내', '증시', '지지', '부진', '반면', '미국', '증시', '무역', '분쟁', '우려', '연일', '사상', '국내외', '주식시장', '온도', '지고', '투자자', '관심', '점차', '국내', '해외', '예탁결제원', '국내', '투자자', '해외', '주식', '거래', '대금', '억만', '기간', '거래', '대금', '억만', '증가', '해외', '주식', '투자', '투자자', '관심', '지면', '미래에셋대우', '해외', '주식', '자산', '미래에셋대우', '해외', '주식', '자산', '조억', '급성', '장의', '배경', '우수', '해외', '주식', '투자', '콘텐츠', '국내', '주식', '투자', '버금', '해외', '주식', '투자', '시스템', '미래에셋대우', '투자', '철학', '국내', '해외', '우르', '글로벌', '브로커', '리지', '영업', '지원', '서비스', '조직', '글로벌', '주식', '본부', '고객', '연령', '별', '목적', '별', '투자', '충족', '고객', '정적', '수익', '창', '기여', '글로벌', '주식', '본부', '핵심', '경쟁력', '해외', '주식', '투자', '고객', '컨설팅', '전담', '글로벌', '주식', '컨설팅팀', '시작', '글로벌', '주식', '컨설팅팀', '미래에셋대우', '리서치', '센터', '글로벌', '네트워크', '협업', '해외', '주식', '투자', '콘텐츠', '제공', '과', '중국', '대표', '기업', '소개', '표적', '글로벌', '리서치', '자료', '미래에셋대우', '추천', '해외', '주식', '포트폴리오', '평균', '수익률', '추천', '종목', '가운데', '종목', '승하', '성과', '팀', '아마존', '넷플릭스', '엔비디아', '종목', '해외', '주식', '포트폴리오', '구축', '항', '제약', '귀주', '모태주', '상해', '국제공항', '종목', '중국', '주식', '포트폴리오', '마련', '해외', '주식', '포트폴리오', '연초', '평균', '수익률', '기간', '미국', '나스닥', '이나', '코스피', '수익률', '교하면', '성과', '보이', '김', '규', '미래에셋대우', '글로벌', '주식', '본부장', '글로벌', '주식시장', '국내', '해외', '우르', '마켓', '보고', '특정', '국가', '신성장', '산업', '군', '유망', '종목', '초점', '차', '산업혁명', '미국', '혁신', '기업', '중국', '내수', '시장', '수혜', '기업', '관심', '둘', '추천', '미래에셋대우', '시스템', '측면', '해외', '주식', '투자', '증권사', '답', '서비스', '제공', '가장', '주목', '만', '서비스', '해외', '주식', '국내', '처럼', '매매', '통합', '증거', '금', '서비스', '반적', '해외', '주식', '투자', '해당', '국가', '통화', '환전', '투자가', '미래에셋대우', '해외', '주식', '환전', '매수', '국내', '주식', '매도', '자금', '해외', '주식', '매', '수하', '곧', '중국', '주식', '매도', '당일', '미국', '주식', '매', '수하', '글로벌', '시장', '국가', '처럼', '투자', '서비스', '앞서', '업계', '최초', '독일', '영국', '캐나다', '주식', '온라인', '재', '매매', '서비스', '오픈', '기도', '독일', '영국', '캐나다', '주식', '국내', '주식', '거래', '달리', '매수', '종목', '매', '도하', '려면', '매', '수일', '로부터', '온라인', '재', '매매', '서비스', '매수', '당일', '매도', '반대', '당일', '매도', '주식', '대금', '다른', '주식', '바로', '매수', '미래에셋대우', '미국', '중국', '홍콩', '일본', '베트남', '인도네시아', '독일', '영국', '캐나다', '개국', '온라인', '주식', '매매', '제공', '온', '오프라인', '개국', '해외', '주식', '거래', '미래에셋대우', '글로벌', '브로커', '리지', '업계', '역량', '노력', '주식', '투자', '역량', '직원', '지점', '별', '마켓', '리더', '선발', '연간', '정기', '간담', '본사', '리서치', '투자', '지점', '공유', '집합', '교육', '선진', '해외', '기업', '탐방', '구성', '글로벌', '주식', '전문가', '과정', '연간', '운영', '센터', '직원', '여', '중국', '알리바바', '본사', '방문', '기업', '문화', '전자상거래', '플랫폼', '온', '오프라인', '물류', '클라우드', '빅데이터', '플랫폼', '차', '산업', '미래', '배우', '직원', '선발', '해외', '체류', '연수', '프로그램', '도', '입하', '글로벌', '인재', '육성', '앞장', '서고', '박현주', '그룹', '회장', '임직원', '신년사', '글로벌', '투자', '은행', '도약', '다짐', '부합', '자산', '면', '국내외', '막론', '고객', '제공', '방침', '미래에셋대우', '앞', '자사', '플랫폼', '글로벌', '우량', '자산', '고객', '제공', '주주', '친', '정책', '극적', '시행']","['미래에셋대우', '막강', '글로벌', '투자', '컨설팅', '해외', '주식', '자산', '돌파']",IT_과학,0
395,"['IT_과학>인터넷_SNS', 'IT_과학>모바일', 'IT_과학>콘텐츠']","미래에셋대우는 17일 '로보포트'와 '로보픽' 투자정보 서비스를 오픈했다고 밝혔다.
로보포트(Robo-Port) 서비스는 투자자문사의 포트폴리오를 추천 받고 투자자가 원할 시 즉시 주문까지 가능한 모바일 전용 자산관리 서비스다. 
그동안 투자자문사의 포트폴리오가 고액 자산 고객 위주로 서비스 됐다면 이번 로보포트 서비스는 소액 투자자들도 양질의 온라인 자문서비스와 편리한 주문 기능을 이용할 수 있도록 했다.
미래에셋대우의 계좌를 갖고 있는 고객이 로보포트 내 상품별 최소 가입금액을 확인한 후 온라인상으로 자문 계약서비스에 가입하면 포트폴리오 자문(모바일 푸시 메시지)을 실시간으로 받을 수 있으며 즉시 주문까지 처리할 수 있다. 
로보픽(Robo-Pick) 서비스는 로봇엔진을 기반으로 한 알고리즘을 통해 투자 유망종목을 발굴하는 제휴 서비스다. 총 6개의 주식 관련 서비스(ST서비스, 뉴지스탁, 로보스탁, 로보퀀트, 스톡봇, 퀀트)와 펀드 관련 서비스인 '불리오'로 구성돼 있다.
로보픽 내 주식 관련 서비스는 예탁자산 200만원 이상의 다이렉트 계좌를 보유한 고객이면 누구나 가입할 수 있다. 각 6개 서비스에 대해 최초 가입 시 해당 계좌의 기존 매매 수수료율로 일정기간 무료 체험해볼 수 있는 기회도 제공한다. 
로보픽의 각 서비스에 가입하면 홈페이지와 HTS(카이로스), MTS를 통해 다양한 투자 유망종목과 투자정보 등을 확인할 수 있으며 실시간으로 모바일 푸시 알림을 받을 수 있다.
해당 서비스의 자세한 내용은 미래에셋대우 홈페이지 내 투자정보 메뉴에서 확인할 수 있다
[디지털뉴스국 김경택 기자]",2018-04-17,736801,8469,미래에셋대우,"미래에셋대우, 로보포트·로보픽 서비스 오픈","['미래에셋대우', '보포트', '로보픽', '투자', '서비스', '오픈', '보포트', '서비스', '투자자', '문', '사의', '포트폴리오', '추천', '투자자', '시', '즉시', '주문', '모바일', '전용', '자산', '서비스', '그동안', '투자자', '문', '사의', '포트폴리오', '고액', '자산', '고객', '위주', '서비스', '보포트', '서비스', '소액', '투자자', '양질', '온라인', '자문', '서비스', '편리', '주문', '기능', '이용', '도록', '미래에셋대우', '계좌', '고객', '보포트', '상품', '별', '최소', '가입', '금액', '확인', '온라인', '자문', '계약', '서비스', '입하', '포트폴리오', '자문', '모바일', '푸시', '메시지', '즉시', '주문', '로보픽', '서비스', '로봇', '엔진', '기반', '알고리즘', '투자', '유망', '종목', '발굴', '제휴', '서비스', '주식', '서비스', '서비스', '뉴', '지스', '탁', '보스', '탁', '로보퀀트', '스톡', '봇', '퀀트', '펀드', '서비스', '불리', '오', '구성', '로보픽', '주식', '서비스', '예', '탁자', '산', '다이렉트', '계좌', '보유', '고객', '이면', '누구', '가입', '각', '서비스', '최초', '가입', '시', '해당', '계좌', '매매', '수수료', '일정', '기간', '무료', '체험', '볼', '기회', '제공', '로보픽', '각', '서비스', '입하', '홈페이지', '카이로', '스', '다양', '투자', '유망', '종목', '투자', '확인', '모바일', '푸시', '알림', '해당', '서비스', '자세', '내용', '미래에셋대우', '홈페이지', '투자', '메뉴', '확인', '디지털', '뉴스', '국']","['미래에셋대우', '보포트', '로보픽', '서비스', '오픈']",IT_과학,1
283,"['IT_과학>인터넷_SNS', '경제>산업_기업', 'IT_과학>모바일']","양사, 공동투자 이어 업무 협업 
 
 
[ 조진형 기자 ] 미래에셋그룹과 네이버가 공동 투자에 이어 업무 협업에 나섰다. 
 
미래에셋대우는 20일 네이버가 제공하는 간편 결제서비스인 네이버페이에서 미래에셋대우 종합자산관리계좌(CMA)를 개설할 수 있는 서비스를 출시했다고 발표했다. 미래에셋대우는 네이버페이에서 CMA 계좌를 개설해 간편결제계좌로 등록해 놓으면 우대금리 혜택은 물론 쇼핑까지 가능해 일석이조의 효과를 거둘 수 있다고 설명했다. CMA 계좌는 은행 보통예금처럼 수시입출금이 가능해 단기자금 재테크용으로도 활용된다. 
 
미래에셋대우는 서비스 출시를 기념해 올해 12월 말까지 선착순 15만 명에게 최대 연 3%(세전) 우대금리를 300만원 한도로 제공하기로 했다. 한섭 미래에셋대우 디지털Biz본부장은 “네이버페이에서 CMA 통장을 개설할 수 있도록 서비스를 개발해 고객들이 편리하게 서비스를 이용할 수 있게 됐다”고 말했다. 
 
미래에셋대우와 네이버는 전략적 제휴 관계를 맺고 공동으로 투자 전선을 구축해왔다. 지난해 6월에는 5000억원 규모의 자사주를 맞교환하기도 했다. 올 들어선 네이버 판교 알파돔 씨티, 중국 유니콘 기업 디디추싱, 아시아 그로쓰사모투자합자회사 펀드 등에 함께 투자했다. 
 
업무 협업에 나선 건 이번이 처음이다. 미래에셋대우 관계자는 “네이버와 상생할 수 있는 방안을 지속적으로 강구하고 있다”고 말했다. 
 
조진형 기자 u2@hankyung.com",2018-06-20,736865,6799,미래에셋대우,네이버페이서 미래에셋대우 CMA 개설,"['양사', '공동', '투자', '업무', '협업', '그룹', '네이버', '공동', '투자', '업무', '협업', '미래에셋대우', '네이버', '제공', '간편', '결제', '서비스', '네이버', '페이', '미래에셋대우', '종합', '자산', '계좌', '개설', '서비스', '출시', '발표', '미래에셋대우', '네이버', '페이', '계좌', '개설', '간편', '결제', '계좌', '등록', '우대금리', '혜택', '쇼핑', '일석이조', '계좌', '은행', '보통예금', '처럼', '수시', '입출금', '금', '재테크', '용', '활용', '미래에셋대우', '서비스', '출시', '기념', '선착순', '만', '연', '우대금리', '한도', '제공', '섭', '미래에셋대우', '디지털', '본부장', '네이버', '페이', '통장', '개설', '도록', '서비스', '개발', '고객', '편', '리하', '서비스', '이용', '미래에셋대우', '네이버', '전략', '제휴', '관계', '공동', '투자', '전선', '구축', '규모', '자', '사주', '교환', '기도', '어선', '네이버', '판교', '알파', '돔', '씨티', '중국', '유니콘', '기업', '디디', '추싱', '아시아', '그로', '사모', '투자', '합자회사', '펀드', '투자', '업무', '협업', '나선', '건', '처음', '미래에셋대우', '네이버', '상생', '방안', '강구']","['네이버', '페이', '미래에셋대우', '개설']",IT_과학,2
91,['사회>장애인'],"미래에셋대우가 직원 290여명(임금피크 대상자의 명예퇴직, 휴직자 포함)의 희망퇴직을 시행하기로 했다고 17일 밝혔다. 미래에셋증권과 대우증권의 합병 이후 첫 희망퇴직이다. 
 
미래에셋대우는 지난 11일까지 희망퇴직 신청을 받아 요건을 충족한 인원 중 일반직 150명, 업무직 140명의 퇴직 절차를 이달 중으로 진행한다. 
 
이번 희망퇴직은 일반직의 경우 10년 이상 근무자 중 만 45세 이상, 업무직은 8년 이상 근무자 중 만 36세 이상에 해당하는 직원을 대상으로 했다. 일반직 퇴직자는 24개월치 급여와 5년간 학자금 또는 3000만원을 지급받고, 업무직은 24개월분 급여와 재취업 교육비를 지원받는다. 
 
희망퇴직을 신청한 일반직은 지점에서 투자 상담을 하는 계약직인 주식상담역이나 자산관리(WM) 전문직으로 전환할 수 있다. 이 경우에도 각각 18개월, 12개월치 급여에 학자금 또는 3000만원을 받게 된다. 미래에셋대우 관계자는 “일부 직원 요청으로 회사와 직원이 서로 ‘윈윈’할 수 있도록 직무 전환이나 재취업의 교육기회를 주는 등 희망퇴직을 시행하게 됐다”고 밝혔다. 
 
증권업계 안팎에선 이번 미래에셋대우의 희망퇴직이 2016년 미래에셋증권과 대우증권의 통합 이후 중복된 인력 조정이라는 분석이다. 
 
한 증권업계 관계자는 “그동안 미래에셋대우 측에서 인위적인 구조조정은 없다고 밝혔지만 현실적으로는 어렵다”며 “통합한 이후 중복 분야 등 불필요한 인력을 조정하는 차원이 아닐까 한다”고 설명했다. 
 
김범수 기자 sway@segye.com",2019-01-17,737076,1973,미래에셋대우,미래에셋대우 합병 후 첫 290명 희망퇴직,"['미래에셋대우', '직원', '여명', '임금', '피크', '대상자', '명예퇴직', '휴직', '자', '포함', '희망', '퇴직', '시행', '증권', '대우', '증권', '합병', '첫', '희망', '퇴직', '미래에셋대우', '희망', '퇴직', '신청', '요건', '충족', '인원', '일반', '직', '업무', '직', '명의', '퇴직', '절차', '진행', '희망', '퇴직', '일반', '직', '근무', '자', '만', '업', '무직', '근무', '자', '만', '직원', '일반', '직', '퇴직', '개월치', '급여', '학자금', '지급', '업', '무직', '급여', '재취업', '교육비', '지원', '희망', '퇴직', '신청', '일반', '직', '지점', '투자', '상담', '계약', '직인', '주식', '상담', '역', '이나', '자산', '전문직', '전환', '개월치', '급여', '학자금', '미래에셋대우', '일부', '직원', '요청', '회사', '직원', '서로', '윈윈', '도록', '직무', '전환', '이나', '재취업', '교육', '기회', '희망', '퇴직', '시행', '증권', '업계', '안팎', '미래에셋대우', '희망', '퇴직', '증권', '대우', '증권', '통합', '중복', '인력', '조정', '분석', '증권', '업계', '그동안', '미래에셋대우', '인위', '구조조정', '실적', '통합', '중복', '분야', '불', '필요', '인력', '조정', '차원']","['미래에셋대우', '합병', '첫', '희망', '퇴직']",사회,-1
94,['지역>전남'],"금호타이어는 16일 광주광역시청에서 미래에셋대우와 '광주공장 부지 도시계획 변경 및 공장 이전을 위한 업무제휴 협약'을 맺었다고 밝혔다.

협약식에는 전대진 대표와 조삼수 대표지회장 등 금호타이어 임직원 10명과 봉원석 부사장 등 미래에셋대우 실무진 4명, 이용섭 광주 시장, 김삼호 광산구청장 등이 참석했다. 
 
 
금호타이어와 미래에셋대우는 업무제휴 협약식을 시작으로 광주 송정역 인근 광주공장 부지의 효율적인 활용과 지역사회 성장 동력 창출을 위한 개발 계획을 검토한다. 광주공장 부지 토지이용 계획안이 확정되면 공장 이전도 추진할 계획이다. 부지 개발에 따른 모든 수익은 신공장에 재투자할 방침이다.

전 대표는 “공장 이전은 금호타이어 생존과 미래 존속이 걸린 매우 중요한 사안”이라며 “앞으로 노동조합과 미래에셋대우, 광주시와 긴밀하게 소통하고 협력해 나가겠다”고 말했다.

정치연 자동차 전문기자 chiyeon@etnews.com",2019-01-16,737075,2024,미래에셋대우,"금호타이어-미래에셋대우, '광주공장 이전' 위한 업무제휴 협약","['금호', '타이어', '광주', '광역시', '청', '미래에셋대우', '광주', '공장', '부지', '도시', '계획', '변경', '공장', '이전', '업무', '제휴', '협약', '협약식', '전대', '진', '대표', '삼수', '표지', '회장', '금호', '타이어', '임직원', '명과', '봉', '석', '부사', '미래에셋대우', '실무', '진', '이용섭', '광주', '시장', '김삼', '호', '광산구청', '참석', '금호', '타이어', '미래에셋대우', '업무', '제휴', '협약식', '시작', '광주', '송정역', '인근', '광주', '공장', '부지', '효율', '활용', '지역', '사회', '성장', '동력', '창', '개발', '계획', '검토', '광주', '공장', '부지', '토지', '이용', '계획', '안이', '확정', '공장', '이전', '추진', '계획', '부지', '개발', '모든', '수익', '신', '공장', '재', '투자', '방침', '대표', '공장', '이전', '금호', '타이어', '생존', '미래', '존속', '매우', '중요', '사안', '앞', '노동조합', '미래에셋대우', '광주시', '긴밀', '소통', '협력', '정치', '연']","['금호', '타이어', '미래에셋대우', '광주', '공장', '이전', '업무', '제휴', '협약']",지역,-1
